"Smarter Balanced Assessments, 2015-16"
"All Districts, ELA and Math, All Grades Combined, High Needs (F/R, EL or SWD)"

"",,,,,,,,"Level 1Not Met",,"Level 2Approaching",,"Level 3Met",,"Level 4Exceeded",,"Level 3&4Met or Exceeded",
"District","District Code","Subject","High Needs (F/R, EL or SWD)","Total Number of Students","Total Number Tested","Smarter Balanced Participation Rate","Total Number with Scored Tests","Count","%","Count","%","Count","%","Count","%","Count","%"
"Achievement First Bridgeport Academy District","=""2850013""","ELA","N",87,87,100.0,87,12,13.8,26,29.9,23,26.4,26,29.9,49,56.3
,,,"Y",454,453,99.8,453,129,28.5,126,27.8,116,25.6,82,18.1,198,43.7
,,"Math","N",87,87,100.0,87,19,21.8,24,27.6,15,17.2,29,33.3,44,50.6
,,,"Y",454,453,99.8,453,148,32.7,122,26.9,87,19.2,96,21.2,183,40.4
"Achievement First Hartford Academy District","=""2880013""","ELA","Y",592,589,99.5,589,170,28.9,155,26.3,165,28.0,99,16.8,264,44.8
,,"Math","Y",592,586,99.0,585,222,37.9,189,32.3,97,16.6,77,13.2,174,29.7
"Amistad Academy District","=""2790013""","ELA","N",83,82,98.8,82,7,8.5,15,18.3,37,45.1,23,28.0,60,73.2
,,,"Y",455,452,99.3,452,102,22.6,119,26.3,162,35.8,69,15.3,231,51.1
,,"Math","N",83,82,98.8,82,9,11.0,28,34.1,14,17.1,31,37.8,45,54.9
,,,"Y",455,451,99.1,451,110,24.4,133,29.5,125,27.7,83,18.4,208,46.1
"Andover School District","=""0010011""","ELA","N",125,124,99.2,124,"*","*","*","*",36,29.0,66,53.2,102,82.3
,,,"Y",34,32,94.1,32,"*","*",9,28.1,9,28.1,"*","*","*","*"
,,"Math","N",125,124,99.2,124,"*","*","*","*",46,37.1,52,41.9,98,79.0
,,,"Y",34,32,94.1,32,"*","*",12,37.5,8,25.0,"*","*","*","*"
"Ansonia School District","=""0020011""","ELA","N",282,280,99.3,280,59,21.1,78,27.9,92,32.9,51,18.2,143,51.1
,,,"Y",772,757,98.1,757,330,43.6,216,28.5,157,20.7,54,7.1,211,27.9
,,"Math","N",282,280,99.3,279,69,24.7,104,37.3,66,23.7,40,14.3,106,38.0
,,,"Y",772,756,97.9,756,349,46.2,263,34.8,109,14.4,35,4.6,144,19.0
"Area Cooperative Educational Services","=""2440014""","ELA","N",418,418,100.0,418,67,16.0,109,26.1,149,35.6,93,22.2,242,57.9
,,,"Y",869,857,98.6,856,413,48.2,210,24.5,182,21.3,51,6.0,233,27.2
,,"Math","N",418,418,100.0,418,108,25.8,145,34.7,103,24.6,62,14.8,165,39.5
,,,"Y",869,850,97.8,850,530,62.4,216,25.4,84,9.9,20,2.4,104,12.2
"Ashford School District","=""0030011""","ELA","N",143,143,100.0,143,9,6.3,24,16.8,56,39.2,54,37.8,110,76.9
,,,"Y",90,89,98.9,89,26,29.2,28,31.5,26,29.2,9,10.1,35,39.3
,,"Math","N",143,143,100.0,143,17,11.9,45,31.5,49,34.3,32,22.4,81,56.6
,,,"Y",90,89,98.9,89,31,34.8,26,29.2,24,27.0,8,9.0,32,36.0
"Avon School District","=""0040011""","ELA","N",1337,1335,99.9,1335,28,2.1,126,9.4,456,34.2,725,54.3,1181,88.5
,,,"Y",208,206,99.0,206,57,27.7,81,39.3,45,21.8,23,11.2,68,33.0
,,"Math","N",1340,1336,99.7,1336,36,2.7,204,15.3,393,29.4,703,52.6,1096,82.0
,,,"Y",208,205,98.6,205,79,38.5,62,30.2,47,22.9,17,8.3,64,31.2
"Barkhamsted School District","=""0050011""","ELA","N",137,131,95.6,131,"*","*",27,20.6,48,36.6,"*","*","*","*"
,,,"Y",39,38,97.4,38,"*","*",12,31.6,9,23.7,"*","*","*","*"
,,"Math","N",137,131,95.6,131,22,16.8,50,38.2,"*","*","*","*","*","*"
,,,"Y",39,38,97.4,38,21,55.3,"*","*","*","*",0,0.0,"*","*"
"Berlin School District","=""0070011""","ELA","N",1033,1031,99.8,1030,42,4.1,179,17.4,439,42.6,370,35.9,809,78.5
,,,"Y",286,282,98.6,282,93,33.0,97,34.4,68,24.1,24,8.5,92,32.6
,,"Math","N",1033,1029,99.6,1029,98,9.5,291,28.3,334,32.5,306,29.7,640,62.2
,,,"Y",286,281,98.3,279,127,45.5,94,33.7,43,15.4,15,5.4,58,20.8
"Bethany School District","=""0080011""","ELA","N",187,179,95.7,179,"*","*",35,19.6,61,34.1,"*","*","*","*"
,,,"Y",45,45,100.0,45,17,37.8,14,31.1,"*","*","*","*",14,31.1
,,"Math","N",187,179,95.7,179,"*","*",41,22.9,54,30.2,"*","*","*","*"
,,,"Y",45,45,100.0,45,"*","*",17,37.8,13,28.9,"*","*","*","*"
"Bethel School District","=""0090011""","ELA","N",923,917,99.3,917,44,4.8,130,14.2,354,38.6,389,42.4,743,81.0
,,,"Y",406,403,99.3,403,105,26.1,95,23.6,134,33.3,69,17.1,203,50.4
,,"Math","N",923,916,99.2,916,63,6.9,255,27.8,302,33.0,296,32.3,598,65.3
,,,"Y",406,402,99.0,402,122,30.3,147,36.6,89,22.1,44,10.9,133,33.1
"Bloomfield School District","=""0110011""","ELA","N",311,310,99.7,310,54,17.4,81,26.1,116,37.4,59,19.0,175,56.5
,,,"Y",456,454,99.6,454,143,31.5,114,25.1,144,31.7,53,11.7,197,43.4
,,"Math","N",311,310,99.7,310,84,27.1,123,39.7,68,21.9,35,11.3,103,33.2
,,,"Y",456,453,99.3,453,205,45.3,155,34.2,74,16.3,19,4.2,93,20.5
"Bolton School District","=""0120011""","ELA","N",267,259,97.0,259,12,4.6,22,8.5,97,37.5,128,49.4,225,86.9
,,,"Y",89,88,98.9,88,26,29.5,16,18.2,32,36.4,14,15.9,46,52.3
,,"Math","N",267,259,97.0,259,11,4.2,53,20.5,87,33.6,108,41.7,195,75.3
,,,"Y",89,88,98.9,87,32,36.8,24,27.6,22,25.3,9,10.3,31,35.6
"Bozrah School District","=""0130011""","ELA","N",88,88,100.0,88,"*","*",28,31.8,33,37.5,"*","*","*","*"
,,,"Y",46,45,97.8,44,22,50.0,12,27.3,"*","*","*","*",10,22.7
,,"Math","N",88,88,100.0,88,"*","*",41,46.6,29,33.0,"*","*","*","*"
,,,"Y",46,45,97.8,44,23,52.3,12,27.3,"*","*","*","*",9,20.5
"Branford School District","=""0140011""","ELA","N",886,876,98.9,874,54,6.2,162,18.5,323,37.0,335,38.3,658,75.3
,,,"Y",469,465,99.1,460,129,28.0,141,30.7,125,27.2,65,14.1,190,41.3
,,"Math","N",885,873,98.6,872,95,10.9,217,24.9,275,31.5,285,32.7,560,64.2
,,,"Y",468,464,99.1,460,180,39.1,131,28.5,92,20.0,57,12.4,149,32.4
"Brass City Charter School District","=""2900013""","ELA","N",13,13,"*",13,"*","*","*","*","*","*","*","*","*","*"
,,,"Y",26,26,100.0,26,"*","*","*","*","*","*","*","*","*","*"
,,"Math","N",13,13,"*",13,"*","*","*","*","*","*","*","*","*","*"
,,,"Y",26,26,100.0,26,"*","*","*","*","*","*","*","*","*","*"
"Bridgeport School District","=""0150011""","ELA","Y",9373,9322,99.5,9313,4994,53.6,2224,23.9,1574,16.9,521,5.6,2095,22.5
,,"Math","Y",9369,9302,99.3,9299,6166,66.3,2217,23.8,726,7.8,190,2.0,916,9.9
"Bristol School District","=""0170011""","ELA","N",1619,1615,99.8,1615,128,7.9,319,19.8,647,40.1,521,32.3,1168,72.3
,,,"Y",1930,1920,99.5,1920,676,35.2,516,26.9,530,27.6,198,10.3,728,37.9
,,"Math","N",1619,1615,99.8,1615,196,12.1,500,31.0,530,32.8,389,24.1,919,56.9
,,,"Y",1932,1918,99.3,1918,821,42.8,656,34.2,316,16.5,125,6.5,441,23.0
"Brookfield School District","=""0180011""","ELA","N",1006,965,95.9,965,48,5.0,180,18.7,363,37.6,374,38.8,737,76.4
,,,"Y",261,230,88.1,230,86,37.4,62,27.0,52,22.6,30,13.0,82,35.7
,,"Math","N",1006,961,95.5,961,56,5.8,241,25.1,359,37.4,305,31.7,664,69.1
,,,"Y",261,229,87.7,229,79,34.5,78,34.1,46,20.1,26,11.4,72,31.4
"Brooklyn School District","=""0190011""","ELA","N",336,336,100.0,336,18,5.4,45,13.4,137,40.8,136,40.5,273,81.3
,,,"Y",185,180,97.3,180,43,23.9,52,28.9,54,30.0,31,17.2,85,47.2
,,"Math","N",336,336,100.0,336,40,11.9,130,38.7,100,29.8,66,19.6,166,49.4
,,,"Y",185,179,96.8,179,65,36.3,79,44.1,29,16.2,6,3.4,35,19.6
"Canaan School District","=""0210011""","ELA","N",42,41,97.6,41,"*","*","*","*","*","*","*","*","*","*"
,,,"Y",9,8,"*",8,"*","*","*","*","*","*","*","*","*","*"
,,"Math","N",42,40,95.2,40,"*","*","*","*","*","*","*","*","*","*"
,,,"Y",9,8,"*",8,"*","*","*","*","*","*","*","*","*","*"
"Canterbury School District","=""0220011""","ELA","N",201,199,99.0,199,24,12.1,54,27.1,75,37.7,46,23.1,121,60.8
,,,"Y",107,104,97.2,104,26,25.0,32,30.8,30,28.8,16,15.4,46,44.2
,,"Math","N",201,199,99.0,199,33,16.6,78,39.2,63,31.7,25,12.6,88,44.2
,,,"Y",107,104,97.2,104,37,35.6,38,36.5,19,18.3,10,9.6,29,27.9
"Canton School District","=""0230011""","ELA","N",630,624,99.0,624,18,2.9,86,13.8,232,37.2,288,46.2,520,83.3
,,,"Y",163,161,98.8,161,49,30.4,49,30.4,47,29.2,16,9.9,63,39.1
,,"Math","N",630,624,99.0,624,30,4.8,114,18.3,228,36.5,252,40.4,480,76.9
,,,"Y",163,161,98.8,161,63,39.1,55,34.2,28,17.4,15,9.3,43,26.7
"Capital Preparatory Harbor School District","=""2970013""","ELA","N",39,39,100.0,39,13,33.3,"*","*",11,28.2,"*","*","*","*"
,,,"Y",71,71,100.0,71,29,40.8,24,33.8,18,25.4,0,0.0,18,25.4
,,"Math","N",39,39,100.0,39,23,59.0,"*","*","*","*",0,0.0,"*","*"
,,,"Y",70,70,100.0,70,52,74.3,"*","*","*","*",0,0.0,"*","*"
"Capitol Region Education Council","=""2410014""","ELA","N",1334,1313,98.4,1313,129,9.8,269,20.5,496,37.8,419,31.9,915,69.7
,,,"Y",1785,1752,98.2,1751,696,39.7,451,25.8,453,25.9,151,8.6,604,34.5
,,"Math","N",1332,1305,98.0,1305,197,15.1,437,33.5,329,25.2,342,26.2,671,51.4
,,,"Y",1784,1733,97.1,1733,886,51.1,536,30.9,222,12.8,89,5.1,311,17.9
"Chaplin School District","=""0240011""","ELA","N",32,31,96.9,31,"*","*","*","*",10,32.3,13,41.9,23,74.2
,,,"Y",46,46,100.0,46,"*","*","*","*",14,30.4,7,15.2,21,45.7
,,"Math","N",32,31,96.9,31,6,19.4,12,38.7,"*","*","*","*",13,41.9
,,,"Y",46,45,97.8,45,22,48.9,16,35.6,"*","*","*","*",7,15.6
"Cheshire School District","=""0250011""","ELA","N",1714,1700,99.2,1700,52,3.1,197,11.6,624,36.7,827,48.6,1451,85.4
,,,"Y",339,335,98.8,335,84,25.1,106,31.6,98,29.3,47,14.0,145,43.3
,,"Math","N",1714,1699,99.1,1699,116,6.8,367,21.6,543,32.0,673,39.6,1216,71.6
,,,"Y",339,334,98.5,334,108,32.3,125,37.4,60,18.0,41,12.3,101,30.2
"Chester School District","=""0260011""","ELA","N",100,99,99.0,99,"*","*","*","*",37,37.4,50,50.5,87,87.9
,,,"Y",31,31,100.0,31,"*","*",11,35.5,9,29.0,"*","*","*","*"
,,"Math","N",100,99,99.0,99,"*","*","*","*",36,36.4,42,42.4,78,78.8
,,,"Y",31,31,100.0,31,"*","*",16,51.6,"*","*",6,19.4,"*","*"
"Clinton School District","=""0270011""","ELA","N",615,606,98.5,606,17,2.8,86,14.2,239,39.4,264,43.6,503,83.0
,,,"Y",285,282,98.9,279,81,29.0,91,32.6,74,26.5,33,11.8,107,38.4
,,"Math","N",616,607,98.5,607,31,5.1,156,25.7,226,37.2,194,32.0,420,69.2
,,,"Y",286,283,99.0,283,104,36.7,106,37.5,47,16.6,26,9.2,73,25.8
"Colchester School District","=""0280011""","ELA","N",808,805,99.6,805,35,4.3,99,12.3,326,40.5,345,42.9,671,83.4
,,,"Y",328,325,99.1,325,70,21.5,107,32.9,105,32.3,43,13.2,148,45.5
,,"Math","N",807,804,99.6,804,52,6.5,210,26.1,289,35.9,253,31.5,542,67.4
,,,"Y",327,324,99.1,324,107,33.0,123,38.0,70,21.6,24,7.4,94,29.0
"Colebrook School District","=""0290011""","ELA","N",32,31,96.9,31,0,0.0,"*","*","*","*","*","*","*","*"
,,,"Y",14,13,"*",13,"*","*","*","*","*","*","*","*","*","*"
,,"Math","N",32,31,96.9,31,0,0.0,"*","*","*","*","*","*","*","*"
,,,"Y",14,13,"*",13,"*","*","*","*","*","*","*","*","*","*"
"Columbia School District","=""0300011""","ELA","N",207,202,97.6,202,9,4.5,39,19.3,83,41.1,71,35.1,154,76.2
,,,"Y",80,77,96.3,77,23,29.9,22,28.6,25,32.5,7,9.1,32,41.6
,,"Math","N",207,202,97.6,202,"*","*",57,28.2,77,38.1,"*","*","*","*"
,,,"Y",80,77,96.3,77,33,42.9,30,39.0,"*","*","*","*",14,18.2
"Cooperative Educational Services","=""2430014""","ELA","N",152,148,97.4,148,19,12.8,34,23.0,51,34.5,44,29.7,95,64.2
,,,"Y",190,188,98.9,188,86,45.7,44,23.4,42,22.3,16,8.5,58,30.9
,,"Math","N",152,149,98.0,149,"*","*",47,31.5,47,31.5,"*","*","*","*"
,,,"Y",190,188,98.9,188,101,53.7,55,29.3,"*","*","*","*",32,17.0
"Cornwall School District","=""0310011""","ELA","N",45,43,95.6,43,"*","*","*","*","*","*","*","*","*","*"
,,,"Y",18,18,"*",18,"*","*","*","*","*","*","*","*","*","*"
,,"Math","N",45,43,95.6,43,"*","*","*","*","*","*","*","*","*","*"
,,,"Y",18,18,"*",18,"*","*","*","*","*","*","*","*","*","*"
"Coventry School District","=""0320011""","ELA","N",551,546,99.1,546,28,5.1,82,15.0,219,40.1,217,39.7,436,79.9
,,,"Y",202,198,98.0,198,50,25.3,47,23.7,70,35.4,31,15.7,101,51.0
,,"Math","N",551,546,99.1,546,43,7.9,161,29.5,182,33.3,160,29.3,342,62.6
,,,"Y",202,198,98.0,198,61,30.8,68,34.3,47,23.7,22,11.1,69,34.8
"Cromwell School District","=""0330011""","ELA","N",664,663,99.8,663,45,6.8,121,18.3,259,39.1,238,35.9,497,75.0
,,,"Y",259,257,99.2,257,86,33.5,77,30.0,67,26.1,27,10.5,94,36.6
,,"Math","N",664,663,99.8,663,83,12.5,203,30.6,218,32.9,159,24.0,377,56.9
,,,"Y",259,257,99.2,256,117,45.7,93,36.3,33,12.9,13,5.1,46,18.0
"Danbury School District","=""0340011""","ELA","N",1790,1770,98.9,1769,182,10.3,387,21.9,687,38.8,513,29.0,1200,67.8
,,,"Y",3288,3266,99.3,3264,1082,33.1,1016,31.1,867,26.6,299,9.2,1166,35.7
,,"Math","N",1790,1767,98.7,1767,286,16.2,568,32.1,526,29.8,387,21.9,913,51.7
,,,"Y",3287,3252,98.9,3250,1307,40.2,1139,35.0,595,18.3,209,6.4,804,24.7
"Darien School District","=""0350011""","ELA","N",1926,1918,99.6,1918,24,1.3,122,6.4,606,31.6,1166,60.8,1772,92.4
,,,"Y",356,337,94.7,337,51,15.1,98,29.1,113,33.5,75,22.3,188,55.8
,,"Math","N",1926,1918,99.6,1918,25,1.3,205,10.7,519,27.1,1169,60.9,1688,88.0
,,,"Y",356,336,94.4,336,66,19.6,116,34.5,81,24.1,73,21.7,154,45.8
"Deep River School District","=""0360011""","ELA","N",135,134,99.3,134,10,7.5,25,18.7,43,32.1,56,41.8,99,73.9
,,,"Y",65,65,100.0,65,16,24.6,23,35.4,18,27.7,8,12.3,26,40.0
,,"Math","N",135,134,99.3,134,"*","*",46,34.3,"*","*",47,35.1,"*","*"
,,,"Y",65,65,100.0,65,"*","*",28,43.1,12,18.5,"*","*","*","*"
"Derby School District","=""0370011""","ELA","N",258,258,100.0,258,46,17.8,70,27.1,94,36.4,48,18.6,142,55.0
,,,"Y",422,420,99.5,420,192,45.7,98,23.3,99,23.6,31,7.4,130,31.0
,,"Math","N",258,257,99.6,257,68,26.5,103,40.1,63,24.5,23,8.9,86,33.5
,,,"Y",421,416,98.8,416,235,56.5,116,27.9,51,12.3,14,3.4,65,15.6
"East Granby School District","=""0400011""","ELA","N",302,302,100.0,302,14,4.6,41,13.6,121,40.1,126,41.7,247,81.8
,,,"Y",94,93,98.9,93,32,34.4,27,29.0,23,24.7,11,11.8,34,36.6
,,"Math","N",302,302,100.0,302,13,4.3,56,18.5,98,32.5,135,44.7,233,77.2
,,,"Y",94,93,98.9,93,36,38.7,29,31.2,20,21.5,8,8.6,28,30.1
"East Haddam School District","=""0410011""","ELA","N",378,364,96.3,364,25,6.9,68,18.7,133,36.5,138,37.9,271,74.5
,,,"Y",121,115,95.0,115,38,33.0,31,27.0,22,19.1,24,20.9,46,40.0
,,"Math","N",377,363,96.3,363,62,17.1,95,26.2,106,29.2,100,27.5,206,56.7
,,,"Y",121,114,94.2,114,50,43.9,38,33.3,16,14.0,10,8.8,26,22.8
"East Hampton School District","=""0420011""","ELA","N",697,654,93.8,654,85,13.0,143,21.9,251,38.4,175,26.8,426,65.1
,,,"Y",188,177,94.1,177,67,37.9,62,35.0,35,19.8,13,7.3,48,27.1
,,"Math","N",697,653,93.7,653,93,14.2,231,35.4,212,32.5,117,17.9,329,50.4
,,,"Y",188,177,94.1,177,82,46.3,57,32.2,30,16.9,8,4.5,38,21.5
"East Hartford School District","=""0430011""","ELA","N",789,786,99.6,786,196,24.9,215,27.4,237,30.2,138,17.6,375,47.7
,,,"Y",2132,2120,99.4,2109,1029,48.8,533,25.3,426,20.2,121,5.7,547,25.9
,,"Math","N",787,781,99.2,781,289,37.0,264,33.8,158,20.2,70,9.0,228,29.2
,,,"Y",2125,2102,98.9,2092,1281,61.2,552,26.4,201,9.6,58,2.8,259,12.4
"East Haven School District","=""0440011""","ELA","N",551,548,99.5,548,59,10.8,150,27.4,221,40.3,118,21.5,339,61.9
,,,"Y",768,763,99.3,763,270,35.4,214,28.0,186,24.4,93,12.2,279,36.6
,,"Math","N",551,545,98.9,545,110,20.2,201,36.9,156,28.6,78,14.3,234,42.9
,,,"Y",768,762,99.2,761,359,47.2,234,30.7,133,17.5,35,4.6,168,22.1
"East Lyme School District","=""0450011""","ELA","N",874,856,97.9,856,36,4.2,113,13.2,302,35.3,405,47.3,707,82.6
,,,"Y",324,313,96.6,313,80,25.6,85,27.2,94,30.0,54,17.3,148,47.3
,,"Math","N",873,854,97.8,854,45,5.3,173,20.3,249,29.2,387,45.3,636,74.5
,,,"Y",324,312,96.3,311,88,28.3,102,32.8,77,24.8,44,14.1,121,38.9
"East Windsor School District","=""0470011""","ELA","N",220,219,99.5,219,27,12.3,50,22.8,98,44.7,44,20.1,142,64.8
,,,"Y",246,241,98.0,240,77,32.1,81,33.8,65,27.1,17,7.1,82,34.2
,,"Math","N",220,219,99.5,219,45,20.5,74,33.8,58,26.5,42,19.2,100,45.7
,,,"Y",246,240,97.6,240,114,47.5,82,34.2,35,14.6,9,3.8,44,18.3
"Eastern Connecticut Regional Educational Service Center (EASTCONN)","=""2530014""","ELA","Y",45,43,95.6,43,41,95.3,"*","*","*","*",0,0.0,"*","*"
,,"Math","Y",45,41,91.1,39,"*","*","*","*",0,0.0,0,0.0,0,0.0
"Eastford School District","=""0390011""","ELA","N",54,54,100.0,54,"*","*","*","*",25,46.3,18,33.3,43,79.6
,,,"Y",32,32,100.0,32,"*","*",12,37.5,"*","*",8,25.0,"*","*"
,,"Math","N",54,54,100.0,54,"*","*",18,33.3,16,29.6,"*","*","*","*"
,,,"Y",32,32,100.0,32,"*","*",11,34.4,7,21.9,"*","*","*","*"
"Easton School District","=""0460011""","ELA","N",542,530,97.8,530,11,2.1,53,10.0,177,33.4,289,54.5,466,87.9
,,,"Y",90,87,96.7,87,19,21.8,22,25.3,33,37.9,13,14.9,46,52.9
,,"Math","N",542,525,96.9,525,10,1.9,78,14.9,163,31.0,274,52.2,437,83.2
,,,"Y",90,84,93.3,84,29,34.5,26,31.0,18,21.4,11,13.1,29,34.5
"EdAdvance","=""2420014""","ELA","Y",7,7,"*","*","*","*","*","*","*","*","*","*","*","*"
,,"Math","Y",7,6,"*","*","*","*","*","*","*","*","*","*","*","*"
"Ellington School District","=""0480011""","ELA","N",1011,1004,99.3,1004,25,2.5,152,15.1,332,33.1,495,49.3,827,82.4
,,,"Y",251,249,99.2,249,70,28.1,82,32.9,61,24.5,36,14.5,97,39.0
,,"Math","N",1011,1004,99.3,1004,43,4.3,215,21.4,372,37.1,374,37.3,746,74.3
,,,"Y",252,250,99.2,250,91,36.4,94,37.6,48,19.2,17,6.8,65,26.0
"Elm City College Preparatory School District","=""2890013""","ELA","N",62,62,100.0,62,7,11.3,8,12.9,24,38.7,23,37.1,47,75.8
,,,"Y",314,314,100.0,314,74,23.6,70,22.3,107,34.1,63,20.1,170,54.1
,,"Math","N",62,62,100.0,62,7,11.3,13,21.0,13,21.0,29,46.8,42,67.7
,,,"Y",314,314,100.0,314,88,28.0,99,31.5,65,20.7,62,19.7,127,40.4
"Enfield School District","=""0490011""","ELA","N",1194,1189,99.6,1189,91,7.7,265,22.3,485,40.8,348,29.3,833,70.1
,,,"Y",1039,1031,99.2,1031,296,28.7,315,30.6,297,28.8,123,11.9,420,40.7
,,"Math","N",1193,1189,99.7,1189,149,12.5,445,37.4,392,33.0,203,17.1,595,50.0
,,,"Y",1037,1026,98.9,1026,365,35.6,372,36.3,225,21.9,64,6.2,289,28.2
"Essex School District","=""0500011""","ELA","N",183,179,97.8,179,"*","*","*","*",60,33.5,91,50.8,151,84.4
,,,"Y",47,44,93.6,44,"*","*",10,22.7,12,27.3,"*","*","*","*"
,,"Math","N",183,179,97.8,179,"*","*",40,22.3,67,37.4,"*","*","*","*"
,,,"Y",47,44,93.6,44,"*","*",11,25.0,15,34.1,"*","*","*","*"
"Fairfield School District","=""0510011""","ELA","N",3871,3831,99.0,3829,149,3.9,532,13.9,1439,37.6,1709,44.6,3148,82.2
,,,"Y",863,854,99.0,854,274,32.1,261,30.6,224,26.2,95,11.1,319,37.4
,,"Math","N",3869,3821,98.8,3821,153,4.0,860,22.5,1364,35.7,1444,37.8,2808,73.5
,,,"Y",862,850,98.6,850,336,39.5,284,33.4,148,17.4,82,9.6,230,27.1
"Farmington School District","=""0520011""","ELA","N",1506,1501,99.7,1501,29,1.9,162,10.8,517,34.4,793,52.8,1310,87.3
,,,"Y",397,394,99.2,394,100,25.4,114,28.9,120,30.5,60,15.2,180,45.7
,,"Math","N",1506,1501,99.7,1501,35,2.3,231,15.4,452,30.1,783,52.2,1235,82.3
,,,"Y",397,393,99.0,393,117,29.8,137,34.9,83,21.1,56,14.2,139,35.4
"Franklin School District","=""0530011""","ELA","N",84,82,97.6,82,6,7.3,16,19.5,"*","*","*","*","*","*"
,,,"Y",26,26,100.0,26,15,57.7,6,23.1,"*","*","*","*","*","*"
,,"Math","N",84,82,97.6,82,"*","*",27,32.9,"*","*",20,24.4,"*","*"
,,,"Y",26,26,100.0,26,16,61.5,"*","*","*","*",0,0.0,"*","*"
"Glastonbury School District","=""0540011""","ELA","N",2337,2331,99.7,2331,56,2.4,236,10.1,857,36.8,1182,50.7,2039,87.5
,,,"Y",490,486,99.2,486,141,29.0,152,31.3,127,26.1,66,13.6,193,39.7
,,"Math","N",2338,2331,99.7,2331,56,2.4,334,14.3,709,30.4,1232,52.9,1941,83.3
,,,"Y",490,486,99.2,486,174,35.8,151,31.1,111,22.8,50,10.3,161,33.1
"Granby School District","=""0560011""","ELA","N",670,662,98.8,662,22,3.3,80,12.1,238,36.0,322,48.6,560,84.6
,,,"Y",170,169,99.4,169,38,22.5,46,27.2,58,34.3,27,16.0,85,50.3
,,"Math","N",670,662,98.8,662,28,4.2,155,23.4,214,32.3,265,40.0,479,72.4
,,,"Y",170,169,99.4,169,53,31.4,62,36.7,32,18.9,22,13.0,54,32.0
"Great Oaks Charter School District","=""2940013""","ELA","N",27,27,100.0,27,10,37.0,10,37.0,7,25.9,0,0.0,7,25.9
,,,"Y",183,183,100.0,183,97,53.0,53,29.0,"*","*","*","*",33,18.0
,,"Math","N",27,27,100.0,27,11,40.7,12,44.4,"*","*","*","*","*","*"
,,,"Y",183,180,98.4,180,122,67.8,43,23.9,"*","*","*","*","*","*"
"Greenwich School District","=""0570011""","ELA","N",2966,2955,99.6,2955,76,2.6,304,10.3,963,32.6,1612,54.6,2575,87.1
,,,"Y",1004,1001,99.7,1001,285,28.5,287,28.7,289,28.9,140,14.0,429,42.9
,,"Math","N",2966,2955,99.6,2955,145,4.9,497,16.8,813,27.5,1500,50.8,2313,78.3
,,,"Y",1004,999,99.5,999,360,36.0,331,33.1,181,18.1,127,12.7,308,30.8
"Griswold School District","=""0580011""","ELA","N",447,444,99.3,444,32,7.2,85,19.1,182,41.0,145,32.7,327,73.6
,,,"Y",376,370,98.4,370,110,29.7,109,29.5,110,29.7,41,11.1,151,40.8
,,"Math","N",447,444,99.3,444,50,11.3,118,26.6,132,29.7,144,32.4,276,62.2
,,,"Y",376,371,98.7,371,128,34.5,127,34.2,79,21.3,37,10.0,116,31.3
"Groton School District","=""0590011""","ELA","N",936,934,99.8,934,70,7.5,181,19.4,372,39.8,311,33.3,683,73.1
,,,"Y",1016,1004,98.8,1004,361,36.0,275,27.4,243,24.2,125,12.5,368,36.7
,,"Math","N",933,931,99.8,931,85,9.1,251,27.0,331,35.6,264,28.4,595,63.9
,,,"Y",1020,1008,98.8,1007,394,39.1,338,33.6,186,18.5,89,8.8,275,27.3
"Guilford School District","=""0600011""","ELA","N",1332,1328,99.7,1326,29,2.2,125,9.4,460,34.7,712,53.7,1172,88.4
,,,"Y",298,298,100.0,298,74,24.8,70,23.5,97,32.6,57,19.1,154,51.7
,,"Math","N",1332,1328,99.7,1325,41,3.1,242,18.3,413,31.2,629,47.5,1042,78.6
,,,"Y",298,298,100.0,298,100,33.6,95,31.9,57,19.1,46,15.4,103,34.6
"Hamden School District","=""0620011""","ELA","N",1160,1150,99.1,1150,111,9.7,217,18.9,414,36.0,408,35.5,822,71.5
,,,"Y",1272,1253,98.5,1253,531,42.4,328,26.2,287,22.9,107,8.5,394,31.4
,,"Math","N",1160,1144,98.6,1144,155,13.5,333,29.1,358,31.3,298,26.0,656,57.3
,,,"Y",1272,1247,98.0,1247,624,50.0,369,29.6,183,14.7,71,5.7,254,20.4
"Hampton School District","=""0630011""","ELA","N",33,33,100.0,33,"*","*","*","*","*","*","*","*","*","*"
,,,"Y",15,15,"*",15,"*","*","*","*","*","*","*","*","*","*"
,,"Math","N",33,33,100.0,33,"*","*","*","*","*","*","*","*","*","*"
,,,"Y",15,15,"*",15,"*","*","*","*","*","*","*","*","*","*"
"Hartford School District","=""0640011""","ELA","N",1175,1166,99.2,1166,224,19.2,261,22.4,391,33.5,290,24.9,681,58.4
,,,"Y",8201,8104,98.8,8101,4444,54.9,1946,24.0,1323,16.3,388,4.8,1711,21.1
,,"Math","N",1174,1163,99.1,1163,280,24.1,384,33.0,281,24.2,218,18.7,499,42.9
,,,"Y",8195,8019,97.9,8014,5051,63.0,1998,24.9,685,8.5,280,3.5,965,12.0
"Hartland School District","=""0650011""","ELA","N",96,96,100.0,96,"*","*",16,16.7,44,45.8,"*","*","*","*"
,,,"Y",30,30,100.0,30,"*","*",10,33.3,7,23.3,"*","*","*","*"
,,"Math","N",96,96,100.0,96,8,8.3,28,29.2,"*","*","*","*","*","*"
,,,"Y",30,29,96.7,29,14,48.3,10,34.5,"*","*","*","*","*","*"
"Hebron School District","=""0670011""","ELA","N",352,352,100.0,352,29,8.2,67,19.0,154,43.8,102,29.0,256,72.7
,,,"Y",85,85,100.0,85,39,45.9,23,27.1,12,14.1,11,12.9,23,27.1
,,"Math","N",352,352,100.0,352,21,6.0,96,27.3,161,45.7,74,21.0,235,66.8
,,,"Y",85,85,100.0,85,35,41.2,28,32.9,16,18.8,6,7.1,22,25.9
"Highville Charter School District","=""2860013""","ELA","N",77,77,100.0,77,30,39.0,23,29.9,13,16.9,11,14.3,24,31.2
,,,"Y",154,154,100.0,154,51,33.1,50,32.5,44,28.6,9,5.8,53,34.4
,,"Math","N",77,77,100.0,77,34,44.2,22,28.6,"*","*","*","*",21,27.3
,,,"Y",154,154,100.0,154,68,44.2,61,39.6,"*","*","*","*",25,16.2
"Integrated Day Charter School District","=""2640013""","ELA","N",117,117,100.0,115,23,20.0,27,23.5,48,41.7,17,14.8,65,56.5
,,,"Y",82,82,100.0,81,27,33.3,22,27.2,23,28.4,9,11.1,32,39.5
,,"Math","N",117,113,96.6,112,33,29.5,40,35.7,28,25.0,11,9.8,39,34.8
,,,"Y",82,80,97.6,80,36,45.0,25,31.3,10,12.5,9,11.3,19,23.8
"Interdistrict School for Arts and Comm District","=""2650013""","ELA","N",64,64,100.0,64,12,18.8,16,25.0,27,42.2,9,14.1,36,56.3
,,,"Y",198,195,98.5,195,77,39.5,70,35.9,41,21.0,7,3.6,48,24.6
,,"Math","N",64,64,100.0,64,26,40.6,21,32.8,"*","*","*","*",17,26.6
,,,"Y",198,194,98.0,194,131,67.5,55,28.4,"*","*","*","*",8,4.1
"Jumoke Academy District","=""2610013""","ELA","N",132,132,100.0,132,25,18.9,38,28.8,43,32.6,26,19.7,69,52.3
,,,"Y",287,286,99.7,286,112,39.2,82,28.7,70,24.5,22,7.7,92,32.2
,,"Math","N",132,132,100.0,132,43,32.6,49,37.1,25,18.9,15,11.4,40,30.3
,,,"Y",287,287,100.0,287,150,52.3,92,32.1,38,13.2,7,2.4,45,15.7
"Kent School District","=""0680011""","ELA","N",128,121,94.5,121,"*","*","*","*",47,38.8,"*","*","*","*"
,,,"Y",30,30,100.0,30,"*","*","*","*",10,33.3,"*","*","*","*"
,,"Math","N",128,121,94.5,121,"*","*",26,21.5,52,43.0,"*","*","*","*"
,,,"Y",30,30,100.0,30,"*","*",9,30.0,8,26.7,"*","*","*","*"
"Killingly School District","=""0690011""","ELA","N",462,457,98.9,457,33,7.2,91,19.9,201,44.0,132,28.9,333,72.9
,,,"Y",550,525,95.5,525,127,24.2,158,30.1,174,33.1,66,12.6,240,45.7
,,"Math","N",462,456,98.7,456,73,16.0,173,37.9,145,31.8,65,14.3,210,46.1
,,,"Y",550,525,95.5,525,207,39.4,182,34.7,108,20.6,28,5.3,136,25.9
"Learn","=""2450014""","ELA","N",165,165,100.0,165,16,9.7,30,18.2,58,35.2,61,37.0,119,72.1
,,,"Y",253,248,98.0,248,83,33.5,74,29.8,60,24.2,31,12.5,91,36.7
,,"Math","N",165,165,100.0,165,35,21.2,57,34.5,41,24.8,32,19.4,73,44.2
,,,"Y",253,248,98.0,248,123,49.6,77,31.0,36,14.5,12,4.8,48,19.4
"Lebanon School District","=""0710011""","ELA","N",310,297,95.8,297,10,3.4,51,17.2,120,40.4,116,39.1,236,79.5
,,,"Y",148,142,95.9,142,41,28.9,45,31.7,28,19.7,28,19.7,56,39.4
,,"Math","N",310,297,95.8,297,17,5.7,72,24.2,120,40.4,88,29.6,208,70.0
,,,"Y",148,142,95.9,142,50,35.2,48,33.8,31,21.8,13,9.2,44,31.0
"Ledyard School District","=""0720011""","ELA","N",681,680,99.9,680,71,10.4,138,20.3,258,37.9,213,31.3,471,69.3
,,,"Y",329,324,98.5,323,122,37.8,82,25.4,92,28.5,27,8.4,119,36.8
,,"Math","N",681,680,99.9,680,62,9.1,235,34.6,213,31.3,170,25.0,383,56.3
,,,"Y",329,324,98.5,322,122,37.9,110,34.2,65,20.2,25,7.8,90,28.0
"Lisbon School District","=""0730011""","ELA","N",175,173,98.9,173,13,7.5,37,21.4,71,41.0,52,30.1,123,71.1
,,,"Y",77,76,98.7,76,19,25.0,26,34.2,14,18.4,17,22.4,31,40.8
,,"Math","N",175,173,98.9,173,"*","*",65,37.6,61,35.3,"*","*","*","*"
,,,"Y",77,76,98.7,76,32,42.1,29,38.2,"*","*","*","*",15,19.7
"Litchfield School District","=""0740011""","ELA","N",329,324,98.5,324,7,2.2,36,11.1,117,36.1,164,50.6,281,86.7
,,,"Y",108,108,100.0,108,28,25.9,26,24.1,32,29.6,22,20.4,54,50.0
,,"Math","N",329,324,98.5,324,10,3.1,62,19.1,101,31.2,151,46.6,252,77.8
,,,"Y",108,108,100.0,108,30,27.8,36,33.3,20,18.5,22,20.4,42,38.9
"Madison School District","=""0760011""","ELA","N",1112,1015,91.3,1015,63,6.2,160,15.8,398,39.2,394,38.8,792,78.0
,,,"Y",221,196,88.7,196,65,33.2,62,31.6,49,25.0,20,10.2,69,35.2
,,"Math","N",1112,1010,90.8,1010,58,5.7,241,23.9,366,36.2,345,34.2,711,70.4
,,,"Y",221,194,87.8,194,78,40.2,64,33.0,31,16.0,21,10.8,52,26.8
"Manchester School District","=""0770011""","ELA","N",979,970,99.1,970,149,15.4,220,22.7,334,34.4,267,27.5,601,62.0
,,,"Y",1699,1674,98.5,1673,827,49.4,381,22.8,340,20.3,125,7.5,465,27.8
,,"Math","N",979,969,99.0,969,177,18.3,316,32.6,280,28.9,196,20.2,476,49.1
,,,"Y",1699,1672,98.4,1671,912,54.6,452,27.0,227,13.6,80,4.8,307,18.4
"Mansfield School District","=""0780011""","ELA","N",535,495,92.5,495,12,2.4,38,7.7,165,33.3,280,56.6,445,89.9
,,,"Y",280,265,94.6,265,60,22.6,59,22.3,76,28.7,70,26.4,146,55.1
,,"Math","N",536,496,92.5,496,11,2.2,83,16.7,146,29.4,256,51.6,402,81.0
,,,"Y",280,265,94.6,265,57,21.5,73,27.5,73,27.5,62,23.4,135,50.9
"Marlborough School District","=""0790011""","ELA","N",288,287,99.7,287,15,5.2,41,14.3,91,31.7,140,48.8,231,80.5
,,,"Y",53,53,100.0,53,16,30.2,18,34.0,10,18.9,9,17.0,19,35.8
,,"Math","N",288,286,99.3,286,"*","*","*","*",92,32.2,138,48.3,230,80.4
,,,"Y",53,53,100.0,53,"*","*",14,26.4,15,28.3,"*","*","*","*"
"Meriden School District","=""0800011""","ELA","N",929,925,99.6,925,115,12.4,205,22.2,360,38.9,245,26.5,605,65.4
,,,"Y",2485,2468,99.3,2468,1079,43.7,632,25.6,557,22.6,200,8.1,757,30.7
,,"Math","N",929,918,98.8,918,189,20.6,332,36.2,240,26.1,157,17.1,397,43.2
,,,"Y",2481,2436,98.2,2435,1276,52.4,697,28.6,328,13.5,134,5.5,462,19.0
"Middletown School District","=""0830011""","ELA","N",1050,1050,100.0,1048,101,9.6,189,18.0,414,39.5,344,32.8,758,72.3
,,,"Y",1042,1040,99.8,1040,441,42.4,273,26.3,238,22.9,88,8.5,326,31.3
,,"Math","N",1050,1048,99.8,1048,160,15.3,279,26.6,322,30.7,287,27.4,609,58.1
,,,"Y",1041,1036,99.5,1035,525,50.7,315,30.4,145,14.0,50,4.8,195,18.8
"Milford School District","=""0840011""","ELA","N",1904,1868,98.1,1868,110,5.9,360,19.3,758,40.6,640,34.3,1398,74.8
,,,"Y",848,829,97.8,829,251,30.3,247,29.8,239,28.8,92,11.1,331,39.9
,,"Math","N",1904,1862,97.8,1862,168,9.0,528,28.4,624,33.5,542,29.1,1166,62.6
,,,"Y",847,827,97.6,827,327,39.5,279,33.7,157,19.0,64,7.7,221,26.7
"Monroe School District","=""0850011""","ELA","N",1197,1187,99.2,1187,30,2.5,142,12.0,444,37.4,571,48.1,1015,85.5
,,,"Y",251,249,99.2,249,71,28.5,66,26.5,72,28.9,40,16.1,112,45.0
,,"Math","N",1197,1186,99.1,1186,57,4.8,258,21.8,418,35.2,453,38.2,871,73.4
,,,"Y",252,250,99.2,250,100,40.0,62,24.8,51,20.4,37,14.8,88,35.2
"Montville School District","=""0860011""","ELA","N",552,550,99.6,550,31,5.6,111,20.2,212,38.5,196,35.6,408,74.2
,,,"Y",496,494,99.6,494,130,26.3,141,28.5,150,30.4,73,14.8,223,45.1
,,"Math","N",552,550,99.6,550,51,9.3,170,30.9,180,32.7,149,27.1,329,59.8
,,,"Y",495,493,99.6,493,167,33.9,170,34.5,116,23.5,40,8.1,156,31.6
"Naugatuck School District","=""0880011""","ELA","N",842,841,99.9,841,89,10.6,206,24.5,318,37.8,228,27.1,546,64.9
,,,"Y",1116,1110,99.5,1110,413,37.2,303,27.3,274,24.7,120,10.8,394,35.5
,,"Math","N",842,841,99.9,841,165,19.6,291,34.6,247,29.4,138,16.4,385,45.8
,,,"Y",1116,1110,99.5,1110,514,46.3,354,31.9,169,15.2,73,6.6,242,21.8
"New Beginnings Inc Family Academy District","=""2800013""","ELA","N",19,19,"*",19,"*","*","*","*","*","*","*","*","*","*"
,,,"Y",218,218,100.0,218,"*","*","*","*","*","*","*","*","*","*"
,,"Math","N",19,19,"*",19,"*","*","*","*","*","*","*","*","*","*"
,,,"Y",218,218,100.0,218,"*","*","*","*","*","*","*","*","*","*"
"New Britain School District","=""0890011""","ELA","N",614,611,99.5,611,166,27.2,160,26.2,180,29.5,105,17.2,285,46.6
,,,"Y",3739,3721,99.5,3720,2227,59.9,818,22.0,494,13.3,181,4.9,675,18.1
,,"Math","N",613,610,99.5,609,225,36.9,214,35.1,120,19.7,50,8.2,170,27.9
,,,"Y",3721,3694,99.3,3693,2480,67.2,840,22.7,289,7.8,84,2.3,373,10.1
"New Canaan School District","=""0900011""","ELA","N",1815,1806,99.5,1806,40,2.2,170,9.4,592,32.8,1004,55.6,1596,88.4
,,,"Y",216,210,97.2,210,53,25.2,73,34.8,67,31.9,17,8.1,84,40.0
,,"Math","N",1817,1808,99.5,1808,20,1.1,255,14.1,526,29.1,1007,55.7,1533,84.8
,,,"Y",216,209,96.8,209,67,32.1,80,38.3,34,16.3,28,13.4,62,29.7
"New Fairfield School District","=""0910011""","ELA","N",876,812,92.7,812,44,5.4,129,15.9,299,36.8,340,41.9,639,78.7
,,,"Y",195,173,88.7,173,51,29.5,51,29.5,48,27.7,23,13.3,71,41.0
,,"Math","N",876,806,92.0,806,59,7.3,207,25.7,267,33.1,273,33.9,540,67.0
,,,"Y",195,166,85.1,165,58,35.2,50,30.3,39,23.6,18,10.9,57,34.5
"New Hartford School District","=""0920011""","ELA","N",235,229,97.4,229,14,6.1,46,20.1,66,28.8,103,45.0,169,73.8
,,,"Y",60,54,90.0,54,11,20.4,15,27.8,18,33.3,10,18.5,28,51.9
,,"Math","N",235,229,97.4,229,"*","*",65,28.4,88,38.4,"*","*","*","*"
,,,"Y",60,54,90.0,54,19,35.2,23,42.6,"*","*","*","*",12,22.2
"New Haven School District","=""0930011""","ELA","N",2719,2686,98.8,2684,551,20.5,693,25.8,875,32.6,565,21.1,1440,53.7
,,,"Y",6344,6285,99.1,6276,3128,49.8,1712,27.3,1148,18.3,288,4.6,1436,22.9
,,"Math","N",2720,2682,98.6,2680,840,31.3,923,34.4,538,20.1,379,14.1,917,34.2
,,,"Y",6349,6275,98.8,6263,3690,58.9,1837,29.3,594,9.5,142,2.3,736,11.8
"New London School District","=""0950011""","ELA","N",190,188,98.9,188,36,19.1,51,27.1,53,28.2,48,25.5,101,53.7
,,,"Y",1263,1253,99.2,1251,627,50.1,314,25.1,231,18.5,79,6.3,310,24.8
,,"Math","N",191,189,99.0,189,45,23.8,60,31.7,51,27.0,33,17.5,84,44.4
,,,"Y",1263,1249,98.9,1245,711,57.1,363,29.2,134,10.8,37,3.0,171,13.7
"New Milford School District","=""0960011""","ELA","N",1327,1254,94.5,1254,176,14.0,281,22.4,457,36.4,340,27.1,797,63.6
,,,"Y",650,614,94.5,614,235,38.3,177,28.8,161,26.2,41,6.7,202,32.9
,,"Math","N",1327,1234,93.0,1234,159,12.9,376,30.5,393,31.8,306,24.8,699,56.6
,,,"Y",650,601,92.5,601,264,43.9,179,29.8,121,20.1,37,6.2,158,26.3
"Newington School District","=""0940011""","ELA","N",1309,1304,99.6,1304,141,10.8,285,21.9,492,37.7,386,29.6,878,67.3
,,,"Y",592,591,99.8,591,211,35.7,165,27.9,149,25.2,66,11.2,215,36.4
,,"Math","N",1309,1302,99.5,1302,161,12.4,368,28.3,422,32.4,351,27.0,773,59.4
,,,"Y",591,590,99.8,590,209,35.4,194,32.9,133,22.5,54,9.2,187,31.7
"Newtown School District","=""0970011""","ELA","N",1743,1736,99.6,1736,73,4.2,264,15.2,694,40.0,705,40.6,1399,80.6
,,,"Y",339,329,97.1,329,89,27.1,87,26.4,101,30.7,52,15.8,153,46.5
,,"Math","N",1743,1734,99.5,1734,62,3.6,344,19.8,549,31.7,779,44.9,1328,76.6
,,,"Y",339,328,96.8,328,103,31.4,94,28.7,82,25.0,49,14.9,131,39.9
"Norfolk School District","=""0980011""","ELA","N",40,40,100.0,40,"*","*","*","*","*","*","*","*","*","*"
,,,"Y",17,17,"*",17,"*","*","*","*","*","*","*","*","*","*"
,,"Math","N",40,40,100.0,40,"*","*","*","*","*","*","*","*","*","*"
,,,"Y",17,17,"*",17,"*","*","*","*","*","*","*","*","*","*"
"North Branford School District","=""0990011""","ELA","N",627,599,95.5,599,52,8.7,136,22.7,219,36.6,192,32.1,411,68.6
,,,"Y",250,243,97.2,243,81,33.3,66,27.2,65,26.7,31,12.8,96,39.5
,,"Math","N",627,599,95.5,599,82,13.7,185,30.9,189,31.6,143,23.9,332,55.4
,,,"Y",250,243,97.2,243,84,34.6,96,39.5,47,19.3,16,6.6,63,25.9
"North Canaan School District","=""1000011""","ELA","N",100,99,99.0,99,8,8.1,22,22.2,41,41.4,28,28.3,69,69.7
,,,"Y",57,56,98.2,56,21,37.5,13,23.2,10,17.9,12,21.4,22,39.3
,,"Math","N",100,99,99.0,99,12,12.1,32,32.3,39,39.4,16,16.2,55,55.6
,,,"Y",57,56,98.2,56,19,33.9,16,28.6,14,25.0,7,12.5,21,37.5
"North Haven School District","=""1010011""","ELA","N",1115,1089,97.7,1089,51,4.7,160,14.7,406,37.3,472,43.3,878,80.6
,,,"Y",366,355,97.0,355,102,28.7,104,29.3,95,26.8,54,15.2,149,42.0
,,"Math","N",1115,1086,97.4,1086,59,5.4,286,26.3,345,31.8,396,36.5,741,68.2
,,,"Y",366,354,96.7,354,122,34.5,108,30.5,76,21.5,48,13.6,124,35.0
"North Stonington School District","=""1020011""","ELA","N",274,272,99.3,272,14,5.1,33,12.1,109,40.1,116,42.6,225,82.7
,,,"Y",66,66,100.0,66,14,21.2,17,25.8,21,31.8,14,21.2,35,53.0
,,"Math","N",274,272,99.3,272,15,5.5,56,20.6,78,28.7,123,45.2,201,73.9
,,,"Y",66,65,98.5,65,14,21.5,19,29.2,16,24.6,16,24.6,32,49.2
"Norwalk School District","=""1030011""","ELA","N",1973,1954,99.0,1953,162,8.3,421,21.6,682,34.9,688,35.2,1370,70.1
,,,"Y",3109,3091,99.4,3081,1218,39.5,865,28.1,723,23.5,275,8.9,998,32.4
,,"Math","N",1972,1951,98.9,1950,292,15.0,600,30.8,545,27.9,513,26.3,1058,54.3
,,,"Y",3107,3081,99.2,3077,1490,48.4,942,30.6,481,15.6,164,5.3,645,21.0
"Norwich School District","=""1040011""","ELA","N",420,414,98.6,414,78,18.8,100,24.2,144,34.8,92,22.2,236,57.0
,,,"Y",1786,1753,98.2,1751,817,46.7,450,25.7,358,20.4,126,7.2,484,27.6
,,"Math","N",420,414,98.6,414,93,22.5,163,39.4,108,26.1,50,12.1,158,38.2
,,,"Y",1782,1749,98.1,1747,907,51.9,543,31.1,207,11.8,90,5.2,297,17.0
"Odyssey Community School District","=""2630013""","ELA","N",139,138,99.3,138,17,12.3,32,23.2,57,41.3,32,23.2,89,64.5
,,,"Y",77,77,100.0,77,25,32.5,21,27.3,21,27.3,10,13.0,31,40.3
,,"Math","N",139,138,99.3,138,"*","*",46,33.3,40,29.0,"*","*","*","*"
,,,"Y",77,77,100.0,77,36,46.8,20,26.0,"*","*","*","*",21,27.3
"Old Saybrook School District","=""1060011""","ELA","N",438,432,98.6,432,16,3.7,73,16.9,180,41.7,163,37.7,343,79.4
,,,"Y",179,178,99.4,178,46,25.8,49,27.5,61,34.3,22,12.4,83,46.6
,,"Math","N",438,432,98.6,432,26,6.0,132,30.6,138,31.9,136,31.5,274,63.4
,,,"Y",179,176,98.3,176,57,32.4,62,35.2,39,22.2,18,10.2,57,32.4
"Orange School District","=""1070011""","ELA","N",632,626,99.1,626,28,4.5,74,11.8,217,34.7,307,49.0,524,83.7
,,,"Y",102,94,92.2,94,33,35.1,28,29.8,22,23.4,11,11.7,33,35.1
,,"Math","N",632,626,99.1,626,25,4.0,129,20.6,250,39.9,222,35.5,472,75.4
,,,"Y",102,93,91.2,93,30,32.3,39,41.9,18,19.4,6,6.5,24,25.8
"Oxford School District","=""1080011""","ELA","N",769,758,98.6,758,43,5.7,167,22.0,307,40.5,241,31.8,548,72.3
,,,"Y",194,191,98.5,191,76,39.8,55,28.8,40,20.9,20,10.5,60,31.4
,,"Math","N",769,758,98.6,758,74,9.8,235,31.0,258,34.0,191,25.2,449,59.2
,,,"Y",194,189,97.4,189,84,44.4,51,27.0,37,19.6,17,9.0,54,28.6
"Park City Prep Charter School District","=""2830013""","ELA","N",78,78,100.0,78,16,20.5,18,23.1,30,38.5,14,17.9,44,56.4
,,,"Y",270,268,99.3,268,98,36.6,76,28.4,69,25.7,25,9.3,94,35.1
,,"Math","N",78,78,100.0,78,23,29.5,25,32.1,20,25.6,10,12.8,30,38.5
,,,"Y",270,268,99.3,268,126,47.0,96,35.8,29,10.8,17,6.3,46,17.2
"Plainfield School District","=""1090011""","ELA","N",430,429,99.8,429,31,7.2,88,20.5,176,41.0,134,31.2,310,72.3
,,,"Y",598,588,98.3,588,156,26.5,160,27.2,181,30.8,91,15.5,272,46.3
,,"Math","N",430,429,99.8,429,49,11.4,146,34.0,144,33.6,90,21.0,234,54.5
,,,"Y",598,588,98.3,588,172,29.3,220,37.4,144,24.5,52,8.8,196,33.3
"Plainville School District","=""1100011""","ELA","N",599,598,99.8,598,54,9.0,123,20.6,247,41.3,174,29.1,421,70.4
,,,"Y",444,444,100.0,444,145,32.7,116,26.1,131,29.5,52,11.7,183,41.2
,,"Math","N",600,599,99.8,599,78,13.0,207,34.6,182,30.4,132,22.0,314,52.4
,,,"Y",444,443,99.8,443,165,37.2,143,32.3,96,21.7,39,8.8,135,30.5
"Plymouth School District","=""1110011""","ELA","N",398,394,99.0,394,45,11.4,87,22.1,150,38.1,112,28.4,262,66.5
,,,"Y",266,263,98.9,263,96,36.5,67,25.5,62,23.6,38,14.4,100,38.0
,,"Math","N",398,394,99.0,394,44,11.2,130,33.0,127,32.2,93,23.6,220,55.8
,,,"Y",266,263,98.9,263,106,40.3,81,30.8,50,19.0,26,9.9,76,28.9
"Pomfret School District","=""1120011""","ELA","N",200,200,100.0,198,7,3.5,31,15.7,72,36.4,88,44.4,160,80.8
,,,"Y",78,78,100.0,77,16,20.8,23,29.9,25,32.5,13,16.9,38,49.4
,,"Math","N",200,200,100.0,198,10,5.1,44,22.2,64,32.3,80,40.4,144,72.7
,,,"Y",78,78,100.0,77,18,23.4,32,41.6,15,19.5,12,15.6,27,35.1
"Portland School District","=""1130011""","ELA","N",470,459,97.7,459,10,2.2,61,13.3,159,34.6,229,49.9,388,84.5
,,,"Y",174,170,97.7,170,37,21.8,45,26.5,56,32.9,32,18.8,88,51.8
,,"Math","N",470,459,97.7,459,19,4.1,101,22.0,162,35.3,177,38.6,339,73.9
,,,"Y",174,170,97.7,170,57,33.5,55,32.4,37,21.8,21,12.4,58,34.1
"Preston School District","=""1140011""","ELA","N",185,177,95.7,177,10,5.6,31,17.5,74,41.8,62,35.0,136,76.8
,,,"Y",96,92,95.8,92,23,25.0,26,28.3,26,28.3,17,18.5,43,46.7
,,"Math","N",185,177,95.7,177,6,3.4,55,31.1,59,33.3,57,32.2,116,65.5
,,,"Y",96,91,94.8,91,28,30.8,31,34.1,19,20.9,13,14.3,32,35.2
"Putnam School District","=""1160011""","ELA","N",197,197,100.0,196,16,8.2,40,20.4,81,41.3,59,30.1,140,71.4
,,,"Y",340,326,95.9,326,131,40.2,79,24.2,79,24.2,37,11.3,116,35.6
,,"Math","N",197,196,99.5,195,30,15.4,66,33.8,54,27.7,45,23.1,99,50.8
,,,"Y",339,325,95.9,325,141,43.4,94,28.9,64,19.7,26,8.0,90,27.7
"Redding School District","=""1170011""","ELA","N",556,552,99.3,552,17,3.1,62,11.2,200,36.2,273,49.5,473,85.7
,,,"Y",106,102,96.2,102,28,27.5,29,28.4,28,27.5,17,16.7,45,44.1
,,"Math","N",556,552,99.3,552,24,4.3,85,15.4,175,31.7,268,48.6,443,80.3
,,,"Y",106,102,96.2,102,27,26.5,34,33.3,26,25.5,15,14.7,41,40.2
"Regional School District 01","=""2010012""","ELA","Y",6,6,"*",6,"*","*","*","*","*","*","*","*","*","*"
,,"Math","Y",6,6,"*",6,"*","*","*","*","*","*","*","*","*","*"
"Regional School District 04","=""2040012""","ELA","N",229,227,99.1,227,12,5.3,39,17.2,110,48.5,66,29.1,176,77.5
,,,"Y",82,81,98.8,81,26,32.1,23,28.4,24,29.6,8,9.9,32,39.5
,,"Math","N",229,227,99.1,227,25,11.0,57,25.1,76,33.5,69,30.4,145,63.9
,,,"Y",82,81,98.8,81,36,44.4,23,28.4,14,17.3,8,9.9,22,27.2
"Regional School District 05","=""2050012""","ELA","N",638,625,98.0,625,16,2.6,65,10.4,282,45.1,262,41.9,544,87.0
,,,"Y",118,113,95.8,113,39,34.5,40,35.4,24,21.2,10,8.8,34,30.1
,,"Math","N",638,625,98.0,625,21,3.4,128,20.5,183,29.3,293,46.9,476,76.2
,,,"Y",118,113,95.8,113,49,43.4,38,33.6,15,13.3,11,9.7,26,23.0
"Regional School District 06","=""2060012""","ELA","N",241,230,95.4,230,16,7.0,35,15.2,100,43.5,79,34.3,179,77.8
,,,"Y",90,83,92.2,83,28,33.7,18,21.7,24,28.9,13,15.7,37,44.6
,,"Math","N",241,230,95.4,230,25,10.9,73,31.7,82,35.7,50,21.7,132,57.4
,,,"Y",90,83,92.2,83,37,44.6,21,25.3,15,18.1,10,12.0,25,30.1
"Regional School District 07","=""2070012""","ELA","N",266,255,95.9,255,"*","*",41,16.1,125,49.0,"*","*","*","*"
,,,"Y",59,57,96.6,57,22,38.6,"*","*",16,28.1,"*","*","*","*"
,,"Math","N",266,255,95.9,255,9,3.5,54,21.2,103,40.4,89,34.9,192,75.3
,,,"Y",59,57,96.6,57,30,52.6,11,19.3,10,17.5,6,10.5,16,28.1
"Regional School District 08","=""2080012""","ELA","N",466,461,98.9,458,17,3.7,80,17.5,239,52.2,122,26.6,361,78.8
,,,"Y",101,100,99.0,100,31,31.0,33,33.0,25,25.0,11,11.0,36,36.0
,,"Math","N",466,460,98.7,457,32,7.0,125,27.4,146,31.9,154,33.7,300,65.6
,,,"Y",101,101,100.0,101,43,42.6,30,29.7,16,15.8,12,11.9,28,27.7
"Regional School District 10","=""2100012""","ELA","N",964,957,99.3,957,61,6.4,180,18.8,359,37.5,357,37.3,716,74.8
,,,"Y",171,161,94.2,161,47,29.2,48,29.8,44,27.3,22,13.7,66,41.0
,,"Math","N",963,956,99.3,956,90,9.4,258,27.0,281,29.4,327,34.2,608,63.6
,,,"Y",171,161,94.2,161,68,42.2,44,27.3,27,16.8,22,13.7,49,30.4
"Regional School District 11","=""2110012""","ELA","N",55,55,100.0,55,"*","*",9,16.4,34,61.8,"*","*","*","*"
,,,"Y",36,35,97.2,35,"*","*",11,31.4,13,37.1,"*","*","*","*"
,,"Math","N",55,55,100.0,55,"*","*",25,45.5,13,23.6,"*","*","*","*"
,,,"Y",36,34,94.4,34,15,44.1,9,26.5,"*","*","*","*",10,29.4
"Regional School District 12","=""2120012""","ELA","N",240,239,99.6,239,9,3.8,26,10.9,100,41.8,104,43.5,204,85.4
,,,"Y",71,71,100.0,71,16,22.5,22,31.0,24,33.8,9,12.7,33,46.5
,,"Math","N",240,238,99.2,238,"*","*","*","*",96,40.3,88,37.0,184,77.3
,,,"Y",71,71,100.0,71,"*","*",23,32.4,17,23.9,"*","*","*","*"
"Regional School District 13","=""2130012""","ELA","N",657,653,99.4,653,34,5.2,127,19.4,263,40.3,229,35.1,492,75.3
,,,"Y",170,165,97.1,165,54,32.7,57,34.5,45,27.3,9,5.5,54,32.7
,,"Math","N",657,652,99.2,652,64,9.8,192,29.4,216,33.1,180,27.6,396,60.7
,,,"Y",170,165,97.1,165,71,43.0,63,38.2,23,13.9,8,4.8,31,18.8
"Regional School District 14","=""2140012""","ELA","N",499,496,99.4,496,35,7.1,111,22.4,185,37.3,165,33.3,350,70.6
,,,"Y",165,164,99.4,164,55,33.5,43,26.2,47,28.7,19,11.6,66,40.2
,,"Math","N",499,495,99.2,495,56,11.3,169,34.1,170,34.3,100,20.2,270,54.5
,,,"Y",165,164,99.4,164,65,39.6,64,39.0,28,17.1,7,4.3,35,21.3
"Regional School District 15","=""2150012""","ELA","N",1486,1471,99.0,1471,37,2.5,172,11.7,545,37.0,717,48.7,1262,85.8
,,,"Y",335,325,97.0,325,88,27.1,107,32.9,93,28.6,37,11.4,130,40.0
,,"Math","N",1486,1471,99.0,1471,63,4.3,333,22.6,485,33.0,590,40.1,1075,73.1
,,,"Y",335,322,96.1,322,118,36.6,113,35.1,62,19.3,29,9.0,91,28.3
"Regional School District 16","=""2160012""","ELA","N",782,734,93.9,734,47,6.4,141,19.2,285,38.8,261,35.6,546,74.4
,,,"Y",287,266,92.7,266,80,30.1,87,32.7,74,27.8,25,9.4,99,37.2
,,"Math","N",782,731,93.5,731,70,9.6,193,26.4,256,35.0,212,29.0,468,64.0
,,,"Y",287,265,92.3,264,88,33.3,109,41.3,46,17.4,21,8.0,67,25.4
"Regional School District 17","=""2170012""","ELA","N",808,804,99.5,804,38,4.7,99,12.3,286,35.6,381,47.4,667,83.0
,,,"Y",254,251,98.8,251,62,24.7,82,32.7,75,29.9,32,12.7,107,42.6
,,"Math","N",808,802,99.3,802,46,5.7,194,24.2,256,31.9,306,38.2,562,70.1
,,,"Y",253,248,98.0,248,77,31.0,96,38.7,47,19.0,28,11.3,75,30.2
"Regional School District 18","=""2180012""","ELA","N",504,498,98.8,498,11,2.2,52,10.4,199,40.0,236,47.4,435,87.3
,,,"Y",103,102,99.0,102,25,24.5,29,28.4,29,28.4,19,18.6,48,47.1
,,"Math","N",504,498,98.8,498,11,2.2,77,15.5,159,31.9,251,50.4,410,82.3
,,,"Y",103,102,99.0,102,20,19.6,40,39.2,26,25.5,16,15.7,42,41.2
"Ridgefield School District","=""1180011""","ELA","N",2090,2040,97.6,2040,48,2.4,196,9.6,688,33.7,1108,54.3,1796,88.0
,,,"Y",293,283,96.6,283,94,33.2,72,25.4,75,26.5,42,14.8,117,41.3
,,"Math","N",2090,2034,97.3,2034,95,4.7,384,18.9,661,32.5,894,44.0,1555,76.5
,,,"Y",293,284,96.9,284,110,38.7,94,33.1,53,18.7,27,9.5,80,28.2
"Rocky Hill School District","=""1190011""","ELA","N",867,864,99.7,864,49,5.7,150,17.4,316,36.6,349,40.4,665,77.0
,,,"Y",272,270,99.3,270,91,33.7,76,28.1,67,24.8,36,13.3,103,38.1
,,"Math","N",867,863,99.5,863,71,8.2,225,26.1,239,27.7,328,38.0,567,65.7
,,,"Y",272,270,99.3,270,103,38.1,90,33.3,46,17.0,31,11.5,77,28.5
"Salem School District","=""1210011""","ELA","N",180,180,100.0,180,"*","*","*","*",60,33.3,109,60.6,169,93.9
,,,"Y",66,66,100.0,66,"*","*",18,27.3,23,34.8,"*","*","*","*"
,,"Math","N",180,180,100.0,180,"*","*","*","*",57,31.7,95,52.8,152,84.4
,,,"Y",66,66,100.0,66,"*","*",27,40.9,11,16.7,"*","*","*","*"
"Salisbury School District","=""1220011""","ELA","N",129,129,100.0,129,"*","*","*","*",47,36.4,66,51.2,113,87.6
,,,"Y",31,31,100.0,31,"*","*",10,32.3,11,35.5,"*","*","*","*"
,,"Math","N",129,129,100.0,129,"*","*","*","*",39,30.2,62,48.1,101,78.3
,,,"Y",31,31,100.0,31,"*","*",12,38.7,"*","*",7,22.6,"*","*"
"Scotland School District","=""1230011""","ELA","N",37,35,94.6,35,"*","*","*","*","*","*","*","*","*","*"
,,,"Y",20,20,100.0,20,"*","*","*","*","*","*","*","*","*","*"
,,"Math","N",37,35,94.6,35,"*","*",15,42.9,"*","*","*","*","*","*"
,,,"Y",20,20,100.0,20,"*","*",8,40.0,"*","*","*","*","*","*"
"Seymour School District","=""1240011""","ELA","N",665,659,99.1,659,62,9.4,153,23.2,269,40.8,175,26.6,444,67.4
,,,"Y",398,397,99.7,397,146,36.8,110,27.7,107,27.0,34,8.6,141,35.5
,,"Math","N",665,658,98.9,658,70,10.6,197,29.9,210,31.9,181,27.5,391,59.4
,,,"Y",398,397,99.7,397,148,37.3,129,32.5,80,20.2,40,10.1,120,30.2
"Sharon School District","=""1250011""","ELA","N",64,63,98.4,63,10,15.9,12,19.0,"*","*","*","*",41,65.1
,,,"Y",40,39,97.5,39,16,41.0,13,33.3,"*","*","*","*",10,25.6
,,"Math","N",64,63,98.4,63,"*","*",20,31.7,19,30.2,"*","*","*","*"
,,,"Y",40,39,97.5,39,19,48.7,"*","*",9,23.1,"*","*","*","*"
"Shelton School District","=""1260011""","ELA","N",1541,1530,99.3,1530,52,3.4,197,12.9,574,37.5,707,46.2,1281,83.7
,,,"Y",774,761,98.3,760,204,26.8,216,28.4,230,30.3,110,14.5,340,44.7
,,"Math","N",1541,1528,99.2,1528,78,5.1,396,25.9,517,33.8,537,35.1,1054,69.0
,,,"Y",774,758,97.9,758,279,36.8,240,31.7,160,21.1,79,10.4,239,31.5
"Sherman School District","=""1270011""","ELA","N",180,145,80.6,145,7,4.8,"*","*","*","*",50,34.5,"*","*"
,,,"Y",42,29,69.0,29,15,51.7,"*","*","*","*",6,20.7,"*","*"
,,"Math","N",180,145,80.6,145,6,4.1,35,24.1,"*","*","*","*",104,71.7
,,,"Y",42,29,69.0,29,17,58.6,6,20.7,"*","*","*","*",6,20.7
"Side By Side Charter School District","=""2700013""","ELA","N",52,52,100.0,52,"*","*","*","*",25,48.1,14,26.9,39,75.0
,,,"Y",77,77,100.0,77,"*","*",26,33.8,30,39.0,"*","*","*","*"
,,"Math","N",52,52,100.0,52,"*","*",23,44.2,15,28.8,"*","*","*","*"
,,,"Y",77,76,98.7,76,"*","*",25,32.9,18,23.7,"*","*","*","*"
"Simsbury School District","=""1280011""","ELA","N",1548,1546,99.9,1546,33,2.1,140,9.1,512,33.1,861,55.7,1373,88.8
,,,"Y",387,384,99.2,384,86,22.4,119,31.0,109,28.4,70,18.2,179,46.6
,,"Math","N",1545,1541,99.7,1541,59,3.8,297,19.3,487,31.6,698,45.3,1185,76.9
,,,"Y",380,376,98.9,376,134,35.6,131,34.8,71,18.9,40,10.6,111,29.5
"Somers School District","=""1290011""","ELA","N",559,537,96.1,537,33,6.1,93,17.3,200,37.2,211,39.3,411,76.5
,,,"Y",129,128,99.2,128,51,39.8,39,30.5,25,19.5,13,10.2,38,29.7
,,"Math","N",559,535,95.7,535,34,6.4,171,32.0,167,31.2,163,30.5,330,61.7
,,,"Y",129,128,99.2,128,67,52.3,38,29.7,17,13.3,6,4.7,23,18.0
"South Windsor School District","=""1320011""","ELA","N",1408,1401,99.5,1401,45,3.2,157,11.2,519,37.0,680,48.5,1199,85.6
,,,"Y",456,444,97.4,444,101,22.7,128,28.8,148,33.3,67,15.1,215,48.4
,,"Math","N",1408,1398,99.3,1398,39,2.8,249,17.8,386,27.6,724,51.8,1110,79.4
,,,"Y",456,443,97.1,443,123,27.8,149,33.6,108,24.4,63,14.2,171,38.6
"Southington School District","=""1310011""","ELA","N",2313,2302,99.5,2302,141,6.1,434,18.9,930,40.4,797,34.6,1727,75.0
,,,"Y",797,785,98.5,785,263,33.5,210,26.8,222,28.3,90,11.5,312,39.7
,,"Math","N",2313,2300,99.4,2300,144,6.3,627,27.3,823,35.8,706,30.7,1529,66.5
,,,"Y",795,783,98.5,783,305,39.0,257,32.8,157,20.1,64,8.2,221,28.2
"Sprague School District","=""1330011""","ELA","N",93,93,100.0,93,8,8.6,19,20.4,44,47.3,22,23.7,66,71.0
,,,"Y",127,126,99.2,126,44,34.9,33,26.2,40,31.7,9,7.1,49,38.9
,,"Math","N",93,93,100.0,93,10,10.8,38,40.9,29,31.2,16,17.2,45,48.4
,,,"Y",127,126,99.2,126,46,36.5,48,38.1,26,20.6,6,4.8,32,25.4
"Stafford School District","=""1340011""","ELA","N",380,377,99.2,377,21,5.6,79,21.0,154,40.8,123,32.6,277,73.5
,,,"Y",300,292,97.3,292,72,24.7,66,22.6,115,39.4,39,13.4,154,52.7
,,"Math","N",380,377,99.2,377,21,5.6,124,32.9,141,37.4,91,24.1,232,61.5
,,,"Y",300,292,97.3,292,78,26.7,105,36.0,73,25.0,36,12.3,109,37.3
"Stamford School District","=""1350011""","ELA","N",2780,2757,99.2,2757,198,7.2,469,17.0,995,36.1,1095,39.7,2090,75.8
,,,"Y",4275,4235,99.1,4235,1670,39.4,1180,27.9,1048,24.7,337,8.0,1385,32.7
,,"Math","N",2780,2754,99.1,2754,249,9.0,617,22.4,838,30.4,1050,38.1,1888,68.6
,,,"Y",4276,4231,98.9,4231,1921,45.4,1332,31.5,689,16.3,289,6.8,978,23.1
"Sterling School District","=""1360011""","ELA","N",174,170,97.7,170,17,10.0,42,24.7,61,35.9,50,29.4,111,65.3
,,,"Y",112,109,97.3,109,35,32.1,30,27.5,36,33.0,8,7.3,44,40.4
,,"Math","N",174,170,97.7,170,45,26.5,63,37.1,"*","*","*","*",62,36.5
,,,"Y",112,109,97.3,109,51,46.8,44,40.4,"*","*","*","*",14,12.8
"Stonington School District","=""1370011""","ELA","N",694,686,98.8,686,33,4.8,94,13.7,240,35.0,319,46.5,559,81.5
,,,"Y",301,286,95.0,286,90,31.5,63,22.0,93,32.5,40,14.0,133,46.5
,,"Math","N",694,686,98.8,686,36,5.2,144,21.0,217,31.6,289,42.1,506,73.8
,,,"Y",302,286,94.7,286,95,33.2,84,29.4,65,22.7,42,14.7,107,37.4
"Stratford School District","=""1380011""","ELA","N",1535,1524,99.3,1524,173,11.4,346,22.7,588,38.6,417,27.4,1005,65.9
,,,"Y",1694,1683,99.4,1681,630,37.5,467,27.8,425,25.3,159,9.5,584,34.7
,,"Math","N",1535,1521,99.1,1521,358,23.5,500,32.9,409,26.9,254,16.7,663,43.6
,,,"Y",1694,1679,99.1,1679,835,49.7,542,32.3,226,13.5,76,4.5,302,18.0
"Suffield School District","=""1390011""","ELA","N",823,810,98.4,810,52,6.4,134,16.5,305,37.7,319,39.4,624,77.0
,,,"Y",209,200,95.7,200,71,35.5,63,31.5,46,23.0,20,10.0,66,33.0
,,"Math","N",823,808,98.2,807,88,10.9,254,31.5,266,33.0,199,24.7,465,57.6
,,,"Y",209,199,95.2,199,100,50.3,59,29.6,26,13.1,14,7.0,40,20.1
"The Bridge Academy District","=""2690013""","ELA","N",8,8,"*",8,"*","*","*","*","*","*","*","*","*","*"
,,,"Y",90,90,100.0,90,"*","*","*","*","*","*","*","*","*","*"
,,"Math","N",8,8,"*",8,"*","*","*","*","*","*","*","*","*","*"
,,,"Y",90,90,100.0,90,"*","*","*","*","*","*","*","*","*","*"
"The Gilbert School District","=""9020022""","ELA","N",81,78,96.3,78,11,14.1,21,26.9,34,43.6,12,15.4,46,59.0
,,,"Y",91,90,98.9,90,27,30.0,31,34.4,23,25.6,9,10.0,32,35.6
,,"Math","N",81,77,95.1,77,25,32.5,26,33.8,"*","*","*","*",26,33.8
,,,"Y",91,90,98.9,90,47,52.2,23,25.6,"*","*","*","*",20,22.2
"Thomaston School District","=""1400011""","ELA","N",298,298,100.0,298,33,11.1,74,24.8,114,38.3,77,25.8,191,64.1
,,,"Y",158,154,97.5,154,71,46.1,38,24.7,36,23.4,9,5.8,45,29.2
,,"Math","N",298,298,100.0,298,26,8.7,101,33.9,111,37.2,60,20.1,171,57.4
,,,"Y",158,155,98.1,155,70,45.2,59,38.1,17,11.0,9,5.8,26,16.8
"Thompson School District","=""1410011""","ELA","N",297,284,95.6,284,53,18.7,108,38.0,85,29.9,38,13.4,123,43.3
,,,"Y",203,192,94.6,192,92,47.9,51,26.6,43,22.4,6,3.1,49,25.5
,,"Math","N",297,285,96.0,285,74,26.0,116,40.7,"*","*","*","*",95,33.3
,,,"Y",203,192,94.6,192,103,53.6,60,31.3,"*","*","*","*",29,15.1
"Tolland School District","=""1420011""","ELA","N",984,980,99.6,980,43,4.4,160,16.3,383,39.1,394,40.2,777,79.3
,,,"Y",229,226,98.7,226,70,31.0,80,35.4,54,23.9,22,9.7,76,33.6
,,"Math","N",983,978,99.5,978,32,3.3,216,22.1,387,39.6,343,35.1,730,74.6
,,,"Y",228,226,99.1,226,72,31.9,84,37.2,55,24.3,15,6.6,70,31.0
"Torrington School District","=""1430011""","ELA","N",847,811,95.7,811,119,14.7,218,26.9,305,37.6,169,20.8,474,58.4
,,,"Y",1229,1188,96.7,1188,413,34.8,358,30.1,302,25.4,115,9.7,417,35.1
,,"Math","N",847,808,95.4,808,165,20.4,329,40.7,234,29.0,80,9.9,314,38.9
,,,"Y",1231,1182,96.0,1182,537,45.4,433,36.6,164,13.9,48,4.1,212,17.9
"Trailblazers Academy District","=""2780013""","ELA","N","*","*","*","*","*","*","*","*","*","*","*","*","*","*"
,,,"Y","*","*","*","*","*","*","*","*","*","*","*","*","*","*"
,,"Math","N","*","*","*","*","*","*","*","*","*","*","*","*","*","*"
,,,"Y","*","*","*","*","*","*","*","*","*","*",0,0.0,"*","*"
"Trumbull School District","=""1440011""","ELA","N",2446,2413,98.7,2412,42,1.7,218,9.0,787,32.6,1365,56.6,2152,89.2
,,,"Y",560,552,98.6,552,122,22.1,158,28.6,159,28.8,113,20.5,272,49.3
,,"Math","N",2446,2412,98.6,2411,51,2.1,325,13.5,724,30.0,1311,54.4,2035,84.4
,,,"Y",560,552,98.6,552,137,24.8,188,34.1,141,25.5,86,15.6,227,41.1
"Unified School District #2","=""3470015""","ELA","Y",31,31,100.0,30,25,83.3,"*","*","*","*",0,0.0,"*","*"
,,"Math","Y",31,31,100.0,31,31,100.0,0,0.0,0,0.0,0,0.0,0,0.0
"Union School District","=""1450011""","ELA","N",39,39,100.0,39,"*","*","*","*","*","*","*","*","*","*"
,,,"Y",10,10,"*",10,"*","*","*","*","*","*","*","*","*","*"
,,"Math","N",39,39,100.0,39,"*","*","*","*","*","*","*","*","*","*"
,,,"Y",10,10,"*",10,"*","*","*","*","*","*","*","*","*","*"
"Vernon School District","=""1460011""","ELA","N",647,641,99.1,641,98,15.3,139,21.7,237,37.0,167,26.1,404,63.0
,,,"Y",763,749,98.2,748,326,43.6,206,27.5,163,21.8,53,7.1,216,28.9
,,"Math","N",647,641,99.1,641,105,16.4,218,34.0,204,31.8,114,17.8,318,49.6
,,,"Y",765,747,97.6,746,362,48.5,243,32.6,112,15.0,29,3.9,141,18.9
"Voluntown School District","=""1470011""","ELA","N",105,105,100.0,105,"*","*",17,16.2,46,43.8,"*","*","*","*"
,,,"Y",69,69,100.0,69,"*","*",22,31.9,21,30.4,"*","*","*","*"
,,"Math","N",105,105,100.0,105,7,6.7,22,21.0,50,47.6,26,24.8,76,72.4
,,,"Y",69,69,100.0,69,17,24.6,29,42.0,16,23.2,7,10.1,23,33.3
"Wallingford School District","=""1480011""","ELA","N",1879,1862,99.1,1862,166,8.9,430,23.1,766,41.1,500,26.9,1266,68.0
,,,"Y",815,804,98.7,804,303,37.7,250,31.1,204,25.4,47,5.8,251,31.2
,,"Math","N",1879,1860,99.0,1860,202,10.9,612,32.9,634,34.1,412,22.2,1046,56.2
,,,"Y",815,804,98.7,804,347,43.2,262,32.6,158,19.7,37,4.6,195,24.3
"Waterbury School District","=""1510011""","ELA","N",1278,1274,99.7,1274,292,22.9,356,27.9,390,30.6,236,18.5,626,49.1
,,,"Y",7158,7121,99.5,7120,3662,51.4,1829,25.7,1241,17.4,388,5.4,1629,22.9
,,"Math","N",1279,1275,99.7,1275,423,33.2,420,32.9,313,24.5,119,9.3,432,33.9
,,,"Y",7158,7123,99.5,7123,4390,61.6,1822,25.6,727,10.2,184,2.6,911,12.8
"Waterford School District","=""1520011""","ELA","N",819,818,99.9,818,40,4.9,137,16.7,322,39.4,319,39.0,641,78.4
,,,"Y",395,395,100.0,395,123,31.1,112,28.4,109,27.6,51,12.9,160,40.5
,,"Math","N",818,817,99.9,817,64,7.8,234,28.6,261,31.9,258,31.6,519,63.5
,,,"Y",397,397,100.0,397,166,41.8,133,33.5,68,17.1,30,7.6,98,24.7
"Watertown School District","=""1530011""","ELA","N",829,821,99.0,821,50,6.1,182,22.2,313,38.1,276,33.6,589,71.7
,,,"Y",490,485,99.0,485,145,29.9,131,27.0,145,29.9,64,13.2,209,43.1
,,"Math","N",828,820,99.0,820,118,14.4,301,36.7,259,31.6,142,17.3,401,48.9
,,,"Y",490,485,99.0,485,209,43.1,165,34.0,86,17.7,25,5.2,111,22.9
"West Hartford School District","=""1550011""","ELA","N",3160,3143,99.5,3140,125,4.0,398,12.7,1103,35.1,1514,48.2,2617,83.3
,,,"Y",1264,1252,99.1,1251,395,31.6,349,27.9,355,28.4,152,12.2,507,40.5
,,"Math","N",3158,3135,99.3,3133,214,6.8,736,23.5,1013,32.3,1170,37.3,2183,69.7
,,,"Y",1263,1245,98.6,1244,519,41.7,373,30.0,253,20.3,99,8.0,352,28.3
"West Haven School District","=""1560011""","ELA","N",800,791,98.9,791,88,11.1,184,23.3,294,37.2,225,28.4,519,65.6
,,,"Y",1837,1821,99.1,1821,646,35.5,472,25.9,499,27.4,204,11.2,703,38.6
,,"Math","N",797,789,99.0,789,110,13.9,242,30.7,252,31.9,185,23.4,437,55.4
,,,"Y",1835,1818,99.1,1818,677,37.2,616,33.9,368,20.2,157,8.6,525,28.9
"Westbrook School District","=""1540011""","ELA","N",233,232,99.6,232,"*","*","*","*",80,34.5,118,50.9,198,85.3
,,,"Y",90,90,100.0,90,"*","*",25,27.8,28,31.1,"*","*","*","*"
,,"Math","N",233,232,99.6,232,8,3.4,56,24.1,65,28.0,103,44.4,168,72.4
,,,"Y",90,90,100.0,90,21,23.3,34,37.8,24,26.7,11,12.2,35,38.9
"Weston School District","=""1570011""","ELA","N",993,982,98.9,982,32,3.3,127,12.9,396,40.3,427,43.5,823,83.8
,,,"Y",116,103,88.8,103,39,37.9,27,26.2,27,26.2,10,9.7,37,35.9
,,"Math","N",992,980,98.8,980,"*","*",199,20.3,354,36.1,"*","*","*","*"
,,,"Y",116,103,88.8,103,45,43.7,27,26.2,"*","*","*","*",31,30.1
"Westport School District","=""1580011""","ELA","N",2293,2247,98.0,2243,45,2.0,224,10.0,788,35.1,1186,52.9,1974,88.0
,,,"Y",368,356,96.7,355,86,24.2,106,29.9,107,30.1,56,15.8,163,45.9
,,"Math","N",2293,2243,97.8,2239,77,3.4,335,15.0,700,31.3,1127,50.3,1827,81.6
,,,"Y",368,356,96.7,354,129,36.4,122,34.5,56,15.8,47,13.3,103,29.1
"Wethersfield School District","=""1590011""","ELA","N",1141,1126,98.7,1126,64,5.7,173,15.4,441,39.2,448,39.8,889,79.0
,,,"Y",483,477,98.8,477,163,34.2,137,28.7,128,26.8,49,10.3,177,37.1
,,"Math","N",1143,1128,98.7,1128,67,5.9,267,23.7,359,31.8,435,38.6,794,70.4
,,,"Y",483,477,98.8,477,193,40.5,141,29.6,106,22.2,37,7.8,143,30.0
"Willington School District","=""1600011""","ELA","N",192,183,95.3,183,26,14.2,33,18.0,85,46.4,39,21.3,124,67.8
,,,"Y",96,93,96.9,93,29,31.2,29,31.2,24,25.8,11,11.8,35,37.6
,,"Math","N",192,183,95.3,183,13,7.1,60,32.8,68,37.2,42,23.0,110,60.1
,,,"Y",96,91,94.8,91,36,39.6,33,36.3,15,16.5,7,7.7,22,24.2
"Wilton School District","=""1610011""","ELA","N",1687,1658,98.3,1658,34,2.1,187,11.3,628,37.9,809,48.8,1437,86.7
,,,"Y",300,291,97.0,291,80,27.5,93,32.0,95,32.6,23,7.9,118,40.5
,,"Math","N",1687,1657,98.2,1657,57,3.4,369,22.3,579,34.9,652,39.3,1231,74.3
,,,"Y",301,292,97.0,291,120,41.2,101,34.7,43,14.8,27,9.3,70,24.1
"Winchester School District","=""1620011""","ELA","N",124,122,98.4,122,21,17.2,36,29.5,36,29.5,29,23.8,65,53.3
,,,"Y",209,204,97.6,204,75,36.8,57,27.9,54,26.5,18,8.8,72,35.3
,,"Math","N",124,121,97.6,121,29,24.0,49,40.5,30,24.8,13,10.7,43,35.5
,,,"Y",209,202,96.7,202,96,47.5,54,26.7,38,18.8,14,6.9,52,25.7
"Windham School District","=""1630011""","ELA","N",262,261,99.6,261,15,5.7,57,21.8,97,37.2,92,35.2,189,72.4
,,,"Y",1313,1303,99.2,1303,591,45.4,333,25.6,289,22.2,90,6.9,379,29.1
,,"Math","N",262,259,98.9,259,32,12.4,76,29.3,91,35.1,60,23.2,151,58.3
,,,"Y",1315,1302,99.0,1299,648,49.9,409,31.5,174,13.4,68,5.2,242,18.6
"Windsor Locks School District","=""1650011""","ELA","N",370,366,98.9,366,41,11.2,83,22.7,147,40.2,95,26.0,242,66.1
,,,"Y",350,347,99.1,347,138,39.8,104,30.0,73,21.0,32,9.2,105,30.3
,,"Math","N",370,361,97.6,361,55,15.2,115,31.9,119,33.0,72,19.9,191,52.9
,,,"Y",350,339,96.9,339,167,49.3,103,30.4,49,14.5,20,5.9,69,20.4
"Windsor School District","=""1640011""","ELA","N",732,725,99.0,725,119,16.4,167,23.0,258,35.6,181,25.0,439,60.6
,,,"Y",635,628,98.9,628,281,44.7,167,26.6,124,19.7,56,8.9,180,28.7
,,"Math","N",736,729,99.0,729,118,16.2,223,30.6,222,30.5,166,22.8,388,53.2
,,,"Y",635,623,98.1,623,304,48.8,178,28.6,104,16.7,37,5.9,141,22.6
"Wolcott School District","=""1660011""","ELA","N",792,790,99.7,790,39,4.9,164,20.8,328,41.5,259,32.8,587,74.3
,,,"Y",298,294,98.7,294,87,29.6,66,22.4,86,29.3,55,18.7,141,48.0
,,"Math","N",792,790,99.7,790,42,5.3,244,30.9,258,32.7,246,31.1,504,63.8
,,,"Y",298,294,98.7,294,82,27.9,90,30.6,71,24.1,51,17.3,122,41.5
"Woodbridge School District","=""1670011""","ELA","N",354,342,96.6,342,13,3.8,34,9.9,102,29.8,193,56.4,295,86.3
,,,"Y",84,75,89.3,75,18,24.0,18,24.0,24,32.0,15,20.0,39,52.0
,,"Math","N",354,342,96.6,342,14,4.1,56,16.4,114,33.3,158,46.2,272,79.5
,,,"Y",84,74,88.1,74,23,31.1,27,36.5,16,21.6,8,10.8,24,32.4
"Woodstock School District","=""1690011""","ELA","N",452,437,96.7,437,31,7.1,63,14.4,177,40.5,166,38.0,343,78.5
,,,"Y",135,128,94.8,128,37,28.9,39,30.5,35,27.3,17,13.3,52,40.6
,,"Math","N",452,437,96.7,437,40,9.2,144,33.0,156,35.7,97,22.2,253,57.9
,,,"Y",135,126,93.3,126,50,39.7,40,31.7,25,19.8,11,8.7,36,28.6

