"NAME","S1901_C01_001E","S1901_C01_012E","S1901_C01_013E","state","county","county subdivision"
"Andover town, Capitol Planning Region, Connecticut","1158","124167","147506","09","110","01080"
"Avon town, Capitol Planning Region, Connecticut","7579","146153","223038","09","110","02060"
"Berlin town, Capitol Planning Region, Connecticut","8221","106272","136504","09","110","04300"
"Bloomfield town, Capitol Planning Region, Connecticut","8984","90061","115679","09","110","05910"
"Bolton town, Capitol Planning Region, Connecticut","1917","114948","135654","09","110","06260"
"Canton town, Capitol Planning Region, Connecticut","4221","108059","150297","09","110","12270"
"Columbia town, Capitol Planning Region, Connecticut","2161","124311","129810","09","110","16400"
"Coventry town, Capitol Planning Region, Connecticut","4931","101916","130008","09","110","17800"
"East Granby town, Capitol Planning Region, Connecticut","1947","107478","133410","09","110","22070"
"East Hartford town, Capitol Planning Region, Connecticut","20086","64244","80586","09","110","22630"
"East Windsor town, Capitol Planning Region, Connecticut","5075","90480","108770","09","110","24800"
"Ellington town, Capitol Planning Region, Connecticut","6477","124495","146412","09","110","25360"
"Enfield town, Capitol Planning Region, Connecticut","16394","90741","104136","09","110","25990"
"Farmington town, Capitol Planning Region, Connecticut","11027","118329","155077","09","110","27600"
"Glastonbury town, Capitol Planning Region, Connecticut","14161","144134","172868","09","110","31240"
"Granby town, Capitol Planning Region, Connecticut","4277","116023","156026","09","110","32640"
"Hartford town, Capitol Planning Region, Connecticut","48277","41841","61201","09","110","37070"
"Hebron town, Capitol Planning Region, Connecticut","3528","136397","172066","09","110","37910"
"Manchester town, Capitol Planning Region, Connecticut","24900","85048","101215","09","110","44700"
"Mansfield town, Capitol Planning Region, Connecticut","6672","64194","99281","09","110","44910"
"Marlborough town, Capitol Planning Region, Connecticut","2096","134643","177130","09","110","45820"
"New Britain town, Capitol Planning Region, Connecticut","28575","53766","72419","09","110","50440"
"Newington town, Capitol Planning Region, Connecticut","12514","100239","115970","09","110","52140"
"Plainville town, Capitol Planning Region, Connecticut","8046","78900","95976","09","110","60120"
"Rocky Hill town, Capitol Planning Region, Connecticut","8768","96773","125311","09","110","65370"
"Simsbury town, Capitol Planning Region, Connecticut","9187","143874","193809","09","110","68940"
"Somers town, Capitol Planning Region, Connecticut","3430","105450","137037","09","110","69220"
"Southington town, Capitol Planning Region, Connecticut","17020","118790","144122","09","110","70550"
"South Windsor town, Capitol Planning Region, Connecticut","9865","134080","162960","09","110","71390"
"Stafford town, Capitol Planning Region, Connecticut","4693","92292","101783","09","110","72090"
"Suffield town, Capitol Planning Region, Connecticut","5307","121141","172212","09","110","74540"
"Tolland town, Capitol Planning Region, Connecticut","5319","132846","177534","09","110","76290"
"Vernon town, Capitol Planning Region, Connecticut","12980","79875","97588","09","110","78250"
"West Hartford town, Capitol Planning Region, Connecticut","26100","124150","162896","09","110","82590"
"Wethersfield town, Capitol Planning Region, Connecticut","11362","108656","127119","09","110","84900"
"Willington town, Capitol Planning Region, Connecticut","2660","85893","95170","09","110","85950"
"Windsor town, Capitol Planning Region, Connecticut","11217","103521","117707","09","110","87000"
"Windsor Locks town, Capitol Planning Region, Connecticut","5417","85570","103320","09","110","87070"
"County subdivisions not defined, Greater Bridgeport Planning Region, Connecticut","0","-666666666","-666666666","09","120","00000"
"Bridgeport town, Greater Bridgeport Planning Region, Connecticut","55550","54440","73831","09","120","08070"
"Easton town, Greater Bridgeport Planning Region, Connecticut","2686","181934","231551","09","120","23890"
"Fairfield town, Greater Bridgeport Planning Region, Connecticut","20506","165316","229940","09","120","26620"
"Monroe town, Greater Bridgeport Planning Region, Connecticut","6114","145714","182771","09","120","48620"
"Stratford town, Greater Bridgeport Planning Region, Connecticut","20821","91025","115056","09","120","74190"
"Trumbull town, Greater Bridgeport Planning Region, Connecticut","11820","153846","180005","09","120","77200"
"County subdivisions not defined, Lower Connecticut River Valley Planning Region, Connecticut","0","-666666666","-666666666","09","130","00000"
"Chester town, Lower Connecticut River Valley Planning Region, Connecticut","1559","90929","113857","09","130","14300"
"Clinton town, Lower Connecticut River Valley Planning Region, Connecticut","5430","110556","128223","09","130","15350"
"Cromwell town, Lower Connecticut River Valley Planning Region, Connecticut","5920","101424","127522","09","130","18080"
"Deep River town, Lower Connecticut River Valley Planning Region, Connecticut","2035","85859","113322","09","130","19130"
"Durham town, Lower Connecticut River Valley Planning Region, Connecticut","3067","148095","149791","09","130","20810"
"East Haddam town, Lower Connecticut River Valley Planning Region, Connecticut","3676","107096","143834","09","130","22280"
"East Hampton town, Lower Connecticut River Valley Planning Region, Connecticut","4850","116163","132990","09","130","22490"
"Essex town, Lower Connecticut River Valley Planning Region, Connecticut","3009","96734","141122","09","130","26270"
"Haddam town, Lower Connecticut River Valley Planning Region, Connecticut","3217","119252","158691","09","130","35230"
"Killingworth town, Lower Connecticut River Valley Planning Region, Connecticut","2335","124620","183778","09","130","40710"
"Lyme town, Lower Connecticut River Valley Planning Region, Connecticut","956","119352","217412","09","130","44210"
"Middlefield town, Lower Connecticut River Valley Planning Region, Connecticut","1842","102083","131601","09","130","47080"
"Middletown town, Lower Connecticut River Valley Planning Region, Connecticut","20539","75120","99291","09","130","47360"
"Old Lyme town, Lower Connecticut River Valley Planning Region, Connecticut","3057","122116","191891","09","130","57040"
"Old Saybrook town, Lower Connecticut River Valley Planning Region, Connecticut","4660","99825","148071","09","130","57320"
"Portland town, Lower Connecticut River Valley Planning Region, Connecticut","3569","116098","129381","09","130","61800"
"Westbrook town, Lower Connecticut River Valley Planning Region, Connecticut","3363","76779","117611","09","130","81680"
"Ansonia town, Naugatuck Valley Planning Region, Connecticut","7922","67474","94359","09","140","01220"
"Beacon Falls town, Naugatuck Valley Planning Region, Connecticut","2613","98042","128187","09","140","03250"
"Bethlehem town, Naugatuck Valley Planning Region, Connecticut","1305","113650","139839","09","140","04930"
"Bristol town, Naugatuck Valley Planning Region, Connecticut","24076","82094","99057","09","140","08490"
"Cheshire town, Naugatuck Valley Planning Region, Connecticut","9810","147969","182217","09","140","14160"
"Derby town, Naugatuck Valley Planning Region, Connecticut","5713","69835","83410","09","140","19550"
"Middlebury town, Naugatuck Valley Planning Region, Connecticut","2812","135114","150254","09","140","46940"
"Naugatuck town, Naugatuck Valley Planning Region, Connecticut","12257","91145","107465","09","140","49950"
"Oxford town, Naugatuck Valley Planning Region, Connecticut","4856","123000","145224","09","140","58300"
"Plymouth town, Naugatuck Valley Planning Region, Connecticut","4496","94600","105774","09","140","60750"
"Prospect town, Naugatuck Valley Planning Region, Connecticut","3208","124382","139161","09","140","62290"
"Seymour town, Naugatuck Valley Planning Region, Connecticut","6465","96747","118580","09","140","67610"
"Shelton town, Naugatuck Valley Planning Region, Connecticut","15774","112366","140301","09","140","68170"
"Southbury town, Naugatuck Valley Planning Region, Connecticut","8020","107266","157429","09","140","69640"
"Thomaston town, Naugatuck Valley Planning Region, Connecticut","2984","91967","133195","09","140","75730"
"Waterbury town, Naugatuck Valley Planning Region, Connecticut","45968","51451","69383","09","140","80070"
"Watertown town, Naugatuck Valley Planning Region, Connecticut","8796","84536","112895","09","140","80490"
"Wolcott town, Naugatuck Valley Planning Region, Connecticut","6087","113433","130834","09","140","87560"
"Woodbury town, Naugatuck Valley Planning Region, Connecticut","4494","120577","144948","09","140","87910"
"Ashford town, Northeastern Connecticut Planning Region, Connecticut","1806","94778","135441","09","150","01430"
"Brooklyn town, Northeastern Connecticut Planning Region, Connecticut","2925","84816","112909","09","150","09190"
"Canterbury town, Northeastern Connecticut Planning Region, Connecticut","2308","96121","102820","09","150","12130"
"Chaplin town, Northeastern Connecticut Planning Region, Connecticut","918","83750","91049","09","150","13810"
"Eastford town, Northeastern Connecticut Planning Region, Connecticut","591","100673","115904","09","150","21860"
"Hampton town, Northeastern Connecticut Planning Region, Connecticut","681","107109","124185","09","150","36000"
"Killingly town, Northeastern Connecticut Planning Region, Connecticut","7137","76552","89490","09","150","40500"
"Plainfield town, Northeastern Connecticut Planning Region, Connecticut","6009","68651","84643","09","150","59980"
"Pomfret town, Northeastern Connecticut Planning Region, Connecticut","1692","98750","124037","09","150","61030"
"Putnam town, Northeastern Connecticut Planning Region, Connecticut","4010","63721","78956","09","150","62710"
"Scotland town, Northeastern Connecticut Planning Region, Connecticut","626","90317","103881","09","150","67400"
"Sterling town, Northeastern Connecticut Planning Region, Connecticut","1205","82703","98116","09","150","73420"
"Thompson town, Northeastern Connecticut Planning Region, Connecticut","3819","95905","104464","09","150","75870"
"Union town, Northeastern Connecticut Planning Region, Connecticut","397","100547","120188","09","150","77830"
"Voluntown town, Northeastern Connecticut Planning Region, Connecticut","1057","84250","104408","09","150","78600"
"Woodstock town, Northeastern Connecticut Planning Region, Connecticut","3393","101496","139568","09","150","88190"
"Barkhamsted town, Northwest Hills Planning Region, Connecticut","1386","120125","135255","09","160","02760"
"Burlington town, Northwest Hills Planning Region, Connecticut","3206","148696","174049","09","160","10100"
"Canaan town, Northwest Hills Planning Region, Connecticut","502","89318","124380","09","160","10940"
"Colebrook town, Northwest Hills Planning Region, Connecticut","621","120625","130965","09","160","16050"
"Cornwall town, Northwest Hills Planning Region, Connecticut","615","99922","161451","09","160","17240"
"Goshen town, Northwest Hills Planning Region, Connecticut","1197","138299","209413","09","160","32290"
"Hartland town, Northwest Hills Planning Region, Connecticut","738","111429","140475","09","160","37140"
"Harwinton town, Northwest Hills Planning Region, Connecticut","2069","102078","137587","09","160","37280"
"Kent town, Northwest Hills Planning Region, Connecticut","1277","93281","164549","09","160","40290"
"Litchfield town, Northwest Hills Planning Region, Connecticut","3481","112910","144353","09","160","43370"
"Morris town, Northwest Hills Planning Region, Connecticut","888","101638","162002","09","160","49460"
"New Hartford town, Northwest Hills Planning Region, Connecticut","2707","102522","157705","09","160","51350"
"Norfolk town, Northwest Hills Planning Region, Connecticut","734","92500","157459","09","160","53470"
"North Canaan town, Northwest Hills Planning Region, Connecticut","1206","60962","93867","09","160","54030"
"Roxbury town, Northwest Hills Planning Region, Connecticut","968","132500","182026","09","160","65930"
"Salisbury town, Northwest Hills Planning Region, Connecticut","1648","99083","161792","09","160","66420"
"Sharon town, Northwest Hills Planning Region, Connecticut","1298","102963","180060","09","160","67960"
"Torrington town, Northwest Hills Planning Region, Connecticut","14645","66616","82562","09","160","76570"
"Warren town, Northwest Hills Planning Region, Connecticut","523","130156","217311","09","160","79510"
"Washington town, Northwest Hills Planning Region, Connecticut","1453","85709","158453","09","160","79720"
"Winchester town, Northwest Hills Planning Region, Connecticut","4814","73000","86242","09","160","86440"
"County subdivisions not defined, South Central Connecticut Planning Region, Connecticut","0","-666666666","-666666666","09","170","00000"
"Bethany town, South Central Connecticut Planning Region, Connecticut","1742","141000","199342","09","170","04580"
"Branford town, South Central Connecticut Planning Region, Connecticut","13087","94750","135537","09","170","07310"
"East Haven town, South Central Connecticut Planning Region, Connecticut","11028","83489","100165","09","170","22910"
"Guilford town, South Central Connecticut Planning Region, Connecticut","8786","124793","174176","09","170","34950"
"Hamden town, South Central Connecticut Planning Region, Connecticut","22891","90484","113394","09","170","35650"
"Madison town, South Central Connecticut Planning Region, Connecticut","6825","156171","204918","09","170","44560"
"Meriden town, South Central Connecticut Planning Region, Connecticut","25018","63671","84046","09","170","46520"
"Milford town, South Central Connecticut Planning Region, Connecticut","21951","104441","140690","09","170","47535"
"New Haven town, South Central Connecticut Planning Region, Connecticut","52977","54305","82869","09","170","52070"
"North Branford town, South Central Connecticut Planning Region, Connecticut","5082","114167","150580","09","170","53890"
"North Haven town, South Central Connecticut Planning Region, Connecticut","9559","121250","147069","09","170","54870"
"Orange town, South Central Connecticut Planning Region, Connecticut","5192","138514","167978","09","170","57600"
"Wallingford town, South Central Connecticut Planning Region, Connecticut","18431","98465","115652","09","170","78740"
"West Haven town, South Central Connecticut Planning Region, Connecticut","20405","72827","92458","09","170","82870"
"Woodbridge town, South Central Connecticut Planning Region, Connecticut","3180","190536","237497","09","170","87700"
"County subdivisions not defined, Southeastern Connecticut Planning Region, Connecticut","0","-666666666","-666666666","09","180","00000"
"Bozrah town, Southeastern Connecticut Planning Region, Connecticut","943","102440","119352","09","180","06820"
"Colchester town, Southeastern Connecticut Planning Region, Connecticut","6089","114505","131327","09","180","15910"
"East Lyme town, Southeastern Connecticut Planning Region, Connecticut","7654","105064","133116","09","180","23400"
"Franklin town, Southeastern Connecticut Planning Region, Connecticut","700","95543","115082","09","180","29910"
"Griswold town, Southeastern Connecticut Planning Region, Connecticut","4884","74207","93844","09","180","33900"
"Groton town, Southeastern Connecticut Planning Region, Connecticut","16391","82149","105902","09","180","34250"
"Lebanon town, Southeastern Connecticut Planning Region, Connecticut","2795","107050","128340","09","180","42390"
"Ledyard town, Southeastern Connecticut Planning Region, Connecticut","5567","94509","115616","09","180","42600"
"Lisbon town, Southeastern Connecticut Planning Region, Connecticut","1590","86932","103532","09","180","43230"
"Montville town, Southeastern Connecticut Planning Region, Connecticut","6596","84710","104726","09","180","48900"
"New London town, Southeastern Connecticut Planning Region, Connecticut","11125","56237","72393","09","180","52350"
"North Stonington town, Southeastern Connecticut Planning Region, Connecticut","2163","91932","109328","09","180","55500"
"Norwich town, Southeastern Connecticut Planning Region, Connecticut","17165","62713","82763","09","180","56270"
"Preston town, Southeastern Connecticut Planning Region, Connecticut","1786","103816","118978","09","180","62150"
"Salem town, Southeastern Connecticut Planning Region, Connecticut","1603","114434","143195","09","180","66210"
"Sprague town, Southeastern Connecticut Planning Region, Connecticut","1106","94464","107353","09","180","71670"
"Stonington town, Southeastern Connecticut Planning Region, Connecticut","8323","102174","137388","09","180","73770"
"Waterford town, Southeastern Connecticut Planning Region, Connecticut","8023","102906","119361","09","180","80280"
"Windham town, Southeastern Connecticut Planning Region, Connecticut","9307","54533","68426","09","180","86790"
"County subdivisions not defined, Western Connecticut Planning Region, Connecticut","0","-666666666","-666666666","09","190","00000"
"Bethel town, Western Connecticut Planning Region, Connecticut","7390","108382","144102","09","190","04720"
"Bridgewater town, Western Connecticut Planning Region, Connecticut","696","149643","231132","09","190","08210"
"Brookfield town, Western Connecticut Planning Region, Connecticut","6584","132950","166309","09","190","08980"
"Danbury town, Western Connecticut Planning Region, Connecticut","31692","79983","112609","09","190","18500"
"Darien town, Western Connecticut Planning Region, Connecticut","7116","250001","443894","09","190","18850"
"Greenwich town, Western Connecticut Planning Region, Connecticut","22662","185850","338010","09","190","33620"
"New Canaan town, Western Connecticut Planning Region, Connecticut","7025","250001","401410","09","190","50580"
"New Fairfield town, Western Connecticut Planning Region, Connecticut","4590","140844","161684","09","190","50860"
"New Milford town, Western Connecticut Planning Region, Connecticut","10775","98313","118495","09","190","52630"
"Newtown town, Western Connecticut Planning Region, Connecticut","9563","142039","182260","09","190","52980"
"Norwalk town, Western Connecticut Planning Region, Connecticut","35272","97879","144892","09","190","56060"
"Redding town, Western Connecticut Planning Region, Connecticut","3374","165391","226694","09","190","63480"
"Ridgefield town, Western Connecticut Planning Region, Connecticut","9191","169363","251329","09","190","63970"
"Sherman town, Western Connecticut Planning Region, Connecticut","1573","113490","209678","09","190","68310"
"Stamford town, Western Connecticut Planning Region, Connecticut","53520","100718","147572","09","190","73070"
"Weston town, Western Connecticut Planning Region, Connecticut","3549","220754","323338","09","190","83430"
"Westport town, Western Connecticut Planning Region, Connecticut","9725","242868","361677","09","190","83500"
"Wilton town, Western Connecticut Planning Region, Connecticut","6210","230545","314035","09","190","86370"
