2026-09-16	DESE FY2025 Chapter 70 files	https://www.doe.mass.edu/finance/chapter70/fy2025/{chapter-2025.xlsm,chapter-2025-local.xlsx,chapter-2025-reg.xlsx,chapter-2025-whitepaper.docx}
2026-09-16 10:17	ccd 2018	https://educationdata.urban.org/api/v1/school-districts/ccd/enrollment/2018/grade-{pk,k,1..12}/?fips=9 and /directory/2018/?fips=9
2026-09-16 10:18	ccd 2019	https://educationdata.urban.org/api/v1/school-districts/ccd/enrollment/2019/grade-{pk,k,1..12}/?fips=9 and /directory/2019/?fips=9
2026-09-16 10:18	ccd 2020	https://educationdata.urban.org/api/v1/school-districts/ccd/enrollment/2020/grade-{pk,k,1..12}/?fips=9 and /directory/2020/?fips=9
2026-09-16 10:18	ccd 2021	https://educationdata.urban.org/api/v1/school-districts/ccd/enrollment/2021/grade-{pk,k,1..12}/?fips=9 and /directory/2021/?fips=9
2026-09-16 10:18	ccd 2022	https://educationdata.urban.org/api/v1/school-districts/ccd/enrollment/2022/grade-{pk,k,1..12}/?fips=9 and /directory/2022/?fips=9
2026-09-16 10:18	ccd 2023	https://educationdata.urban.org/api/v1/school-districts/ccd/enrollment/2023/grade-{pk,k,1..12}/?fips=9 and /directory/2023/?fips=9
2026-09-16 10:18	qcew	https://data.bls.gov/cew/data/api/2016/a/area/09000.csv
2026-09-16 10:18	qcew	https://data.bls.gov/cew/data/api/2016/a/area/09001.csv
2026-09-16 10:18	qcew	https://data.bls.gov/cew/data/api/2016/a/area/09003.csv
2026-09-16 10:18	qcew	https://data.bls.gov/cew/data/api/2016/a/area/09005.csv
2026-09-16 10:18	qcew	https://data.bls.gov/cew/data/api/2016/a/area/09007.csv
2026-09-16 10:18	qcew	https://data.bls.gov/cew/data/api/2016/a/area/09009.csv
2026-09-16 10:18	qcew	https://data.bls.gov/cew/data/api/2016/a/area/09011.csv
2026-09-16 10:18	qcew	https://data.bls.gov/cew/data/api/2016/a/area/09013.csv
2026-09-16 10:18	qcew	https://data.bls.gov/cew/data/api/2016/a/area/09015.csv
2026-09-16 10:18	qcew	https://data.bls.gov/cew/data/api/2017/a/area/09000.csv
2026-09-16 10:18	qcew	https://data.bls.gov/cew/data/api/2017/a/area/09001.csv
2026-09-16 10:18	qcew	https://data.bls.gov/cew/data/api/2017/a/area/09003.csv
2026-09-16 10:18	qcew	https://data.bls.gov/cew/data/api/2017/a/area/09005.csv
2026-09-16 10:18	qcew	https://data.bls.gov/cew/data/api/2017/a/area/09007.csv
2026-09-16 10:18	qcew	https://data.bls.gov/cew/data/api/2017/a/area/09009.csv
2026-09-16 10:18	qcew	https://data.bls.gov/cew/data/api/2017/a/area/09011.csv
2026-09-16 10:18	qcew	https://data.bls.gov/cew/data/api/2017/a/area/09013.csv
2026-09-16 10:18	qcew	https://data.bls.gov/cew/data/api/2017/a/area/09015.csv
2026-09-16 10:18	qcew	https://data.bls.gov/cew/data/api/2018/a/area/09000.csv
2026-09-16 10:18	qcew	https://data.bls.gov/cew/data/api/2018/a/area/09001.csv
2026-09-16 10:18	qcew	https://data.bls.gov/cew/data/api/2018/a/area/09003.csv
2026-09-16 10:18	qcew	https://data.bls.gov/cew/data/api/2018/a/area/09005.csv
2026-09-16 10:18	qcew	https://data.bls.gov/cew/data/api/2018/a/area/09007.csv
2026-09-16 10:18	qcew	https://data.bls.gov/cew/data/api/2018/a/area/09009.csv
2026-09-16 10:18	qcew	https://data.bls.gov/cew/data/api/2018/a/area/09011.csv
2026-09-16 10:18	qcew	https://data.bls.gov/cew/data/api/2018/a/area/09013.csv
2026-09-16 10:18	qcew	https://data.bls.gov/cew/data/api/2018/a/area/09015.csv
2026-09-16 10:18	qcew	https://data.bls.gov/cew/data/api/2019/a/area/09000.csv
2026-09-16 10:18	qcew	https://data.bls.gov/cew/data/api/2019/a/area/09001.csv
2026-09-16 10:18	qcew	https://data.bls.gov/cew/data/api/2019/a/area/09003.csv
2026-09-16 10:18	qcew	https://data.bls.gov/cew/data/api/2019/a/area/09005.csv
2026-09-16 10:18	qcew	https://data.bls.gov/cew/data/api/2019/a/area/09007.csv
2026-09-16 10:18	qcew	https://data.bls.gov/cew/data/api/2019/a/area/09009.csv
2026-09-16 10:18	qcew	https://data.bls.gov/cew/data/api/2019/a/area/09011.csv
2026-09-16 10:18	qcew	https://data.bls.gov/cew/data/api/2019/a/area/09013.csv
2026-09-16 10:18	qcew	https://data.bls.gov/cew/data/api/2019/a/area/09015.csv
2026-09-16 10:18	qcew	https://data.bls.gov/cew/data/api/2020/a/area/09000.csv
2026-09-16 10:18	qcew	https://data.bls.gov/cew/data/api/2020/a/area/09001.csv
2026-09-16 10:18	qcew	https://data.bls.gov/cew/data/api/2020/a/area/09003.csv
2026-09-16 10:18	qcew	https://data.bls.gov/cew/data/api/2020/a/area/09005.csv
2026-09-16 10:18	qcew	https://data.bls.gov/cew/data/api/2020/a/area/09007.csv
2026-09-16 10:18	qcew	https://data.bls.gov/cew/data/api/2020/a/area/09009.csv
2026-09-16 10:18	qcew	https://data.bls.gov/cew/data/api/2020/a/area/09011.csv
2026-09-16 10:18	qcew	https://data.bls.gov/cew/data/api/2020/a/area/09013.csv
2026-09-16 10:18	qcew	https://data.bls.gov/cew/data/api/2020/a/area/09015.csv
2026-09-16 10:18	qcew	https://data.bls.gov/cew/data/api/2021/a/area/09000.csv
2026-09-16 10:18	qcew	https://data.bls.gov/cew/data/api/2021/a/area/09001.csv
2026-09-16 10:18	qcew	https://data.bls.gov/cew/data/api/2021/a/area/09003.csv
2026-09-16 10:18	qcew	https://data.bls.gov/cew/data/api/2021/a/area/09005.csv
2026-09-16 10:18	qcew	https://data.bls.gov/cew/data/api/2021/a/area/09007.csv
2026-09-16 10:18	qcew	https://data.bls.gov/cew/data/api/2021/a/area/09009.csv
2026-09-16 10:18	qcew	https://data.bls.gov/cew/data/api/2021/a/area/09011.csv
2026-09-16 10:18	qcew	https://data.bls.gov/cew/data/api/2021/a/area/09013.csv
2026-09-16 10:18	qcew	https://data.bls.gov/cew/data/api/2021/a/area/09015.csv
2026-09-16 10:18	qcew	https://data.bls.gov/cew/data/api/2022/a/area/09000.csv
2026-09-16 10:18	qcew	https://data.bls.gov/cew/data/api/2022/a/area/09001.csv
2026-09-16 10:18	qcew	https://data.bls.gov/cew/data/api/2022/a/area/09003.csv
2026-09-16 10:18	qcew	https://data.bls.gov/cew/data/api/2022/a/area/09005.csv
2026-09-16 10:18	qcew	https://data.bls.gov/cew/data/api/2022/a/area/09007.csv
2026-09-16 10:18	qcew	https://data.bls.gov/cew/data/api/2022/a/area/09009.csv
2026-09-16 10:18	qcew	https://data.bls.gov/cew/data/api/2022/a/area/09011.csv
2026-09-16 10:18	qcew	https://data.bls.gov/cew/data/api/2022/a/area/09013.csv
2026-09-16 10:18	qcew	https://data.bls.gov/cew/data/api/2022/a/area/09015.csv
2026-09-16 10:18	qcew	https://data.bls.gov/cew/data/api/2023/a/area/09000.csv
2026-09-16 10:18	qcew	https://data.bls.gov/cew/data/api/2023/a/area/09001.csv
2026-09-16 10:18	qcew	https://data.bls.gov/cew/data/api/2023/a/area/09003.csv
2026-09-16 10:18	qcew	https://data.bls.gov/cew/data/api/2023/a/area/09005.csv
2026-09-16 10:18	qcew	https://data.bls.gov/cew/data/api/2023/a/area/09007.csv
2026-09-16 10:18	qcew	https://data.bls.gov/cew/data/api/2023/a/area/09009.csv
2026-09-16 10:18	qcew	https://data.bls.gov/cew/data/api/2023/a/area/09011.csv
2026-09-16 10:18	qcew	https://data.bls.gov/cew/data/api/2023/a/area/09013.csv
2026-09-16 10:18	qcew	https://data.bls.gov/cew/data/api/2023/a/area/09015.csv
2026-09-16 14:05	dese	https://www.doe.mass.edu/finance/chapter70/comply-fy2024.xlsx
2026-09-16 14:05	dese	https://www.doe.mass.edu/finance/chapter70/comply-fy2025.xlsx
