"NAME","B19013_001E","B01003_001E","B17001_001E","B17001_002E","state","county","county subdivision"
"County subdivisions not defined, Fairfield County, Connecticut","-666666666","0","0","0","09","001","00000"
"Bethel town, Fairfield County, Connecticut","101481","20287","20093","768","09","001","04720"
"Bridgeport town, Fairfield County, Connecticut","50597","148529","144584","33577","09","001","08070"
"Brookfield town, Fairfield County, Connecticut","128606","17428","17324","814","09","001","08980"
"Danbury town, Fairfield County, Connecticut","74600","86197","82893","8752","09","001","18500"
"Darien town, Fairfield County, Connecticut","250001","21485","21485","1041","09","001","18850"
"Easton town, Fairfield County, Connecticut","165469","7602","7591","487","09","001","23890"
"Fairfield town, Fairfield County, Connecticut","149641","61737","56955","3240","09","001","26620"
"Greenwich town, Fairfield County, Connecticut","180447","63455","63028","3214","09","001","33620"
"Monroe town, Fairfield County, Connecticut","127995","18927","18927","614","09","001","48620"
"New Canaan town, Fairfield County, Connecticut","214977","20574","20501","538","09","001","50580"
"New Fairfield town, Fairfield County, Connecticut","129718","13640","13547","581","09","001","50860"
"Newtown town, Fairfield County, Connecticut","133991","27388","26840","920","09","001","52980"
"Norwalk town, Fairfield County, Connecticut","91434","90821","90253","8791","09","001","56060"
"Redding town, Fairfield County, Connecticut","140475","8831","8705","369","09","001","63480"
"Ridgefield town, Fairfield County, Connecticut","160258","25053","24936","844","09","001","63970"
"Shelton town, Fairfield County, Connecticut","103647","40944","40506","2421","09","001","68170"
"Sherman town, Fairfield County, Connecticut","123889","3545","3545","63","09","001","68310"
"Stamford town, Fairfield County, Connecticut","99791","134820","133893","12534","09","001","73070"
"Stratford town, Fairfield County, Connecticut","86113","52360","51962","3763","09","001","74190"
"Trumbull town, Fairfield County, Connecticut","138801","36830","36623","1604","09","001","77200"
"Weston town, Fairfield County, Connecticut","204792","10339","10339","227","09","001","83430"
"Westport town, Fairfield County, Connecticut","236892","27168","26965","868","09","001","83500"
"Wilton town, Fairfield County, Connecticut","209635","18486","18259","378","09","001","86370"
"Avon town, Hartford County, Connecticut","130268","18821","18621","946","09","003","02060"
"Berlin town, Hartford County, Connecticut","101853","20107","20040","791","09","003","04300"
"Bloomfield town, Hartford County, Connecticut","81354","21399","21096","1943","09","003","05910"
"Bristol town, Hartford County, Connecticut","73604","60733","60056","5352","09","003","08490"
"Burlington town, Hartford County, Connecticut","143038","9511","9499","161","09","003","10100"
"Canton town, Hartford County, Connecticut","100000","10131","9980","304","09","003","12270"
"East Granby town, Hartford County, Connecticut","112857","5148","5034","182","09","003","22070"
"East Hartford town, Hartford County, Connecticut","58922","50971","50428","6599","09","003","22630"
"East Windsor town, Hartford County, Connecticut","85120","11191","10979","1009","09","003","24800"
"Enfield town, Hartford County, Connecticut","86880","42480","40045","3643","09","003","25990"
"Farmington town, Hartford County, Connecticut","106773","26559","26366","1944","09","003","27600"
"Glastonbury town, Hartford County, Connecticut","130294","35061","34867","1276","09","003","31240"
"Granby town, Hartford County, Connecticut","115989","10971","10862","356","09","003","32640"
"Hartford town, Hartford County, Connecticut","37477","121562","114658","32602","09","003","37070"
"Hartland town, Hartford County, Connecticut","105921","1971","1949","31","09","003","37140"
"Manchester town, Hartford County, Connecticut","78598","59452","58740","6409","09","003","44700"
"Marlborough town, Hartford County, Connecticut","126850","6155","6038","563","09","003","45820"
"New Britain town, Hartford County, Connecticut","50379","74022","71490","14676","09","003","50440"
"Newington town, Hartford County, Connecticut","90314","30493","30304","2478","09","003","52140"
"Plainville town, Hartford County, Connecticut","72197","17514","17369","1153","09","003","60120"
"Rocky Hill town, Hartford County, Connecticut","86410","20682","20434","955","09","003","65370"
"Simsbury town, Hartford County, Connecticut","134688","24467","24120","1460","09","003","68940"
"Southington town, Hartford County, Connecticut","104963","43474","43194","2017","09","003","70550"
"South Windsor town, Hartford County, Connecticut","126996","26719","26704","1302","09","003","71390"
"Suffield town, Hartford County, Connecticut","115965","15863","13594","312","09","003","74540"
"West Hartford town, Hartford County, Connecticut","111997","64034","63021","3964","09","003","82590"
"Wethersfield town, Hartford County, Connecticut","100557","27162","27140","1463","09","003","84900"
"Windsor town, Hartford County, Connecticut","96080","29424","29140","1316","09","003","87000"
"Windsor Locks town, Hartford County, Connecticut","79678","12559","12515","932","09","003","87070"
"Barkhamsted town, Litchfield County, Connecticut","107969","3659","3659","169","09","005","02760"
"Bethlehem town, Litchfield County, Connecticut","95338","3408","3356","198","09","005","04930"
"Bridgewater town, Litchfield County, Connecticut","138272","1824","1824","57","09","005","08210"
"Canaan town, Litchfield County, Connecticut","80938","1223","1223","175","09","005","10940"
"Colebrook town, Litchfield County, Connecticut","106406","1422","1378","94","09","005","16050"
"Cornwall town, Litchfield County, Connecticut","95089","1379","1379","130","09","005","17240"
"Goshen town, Litchfield County, Connecticut","127344","3139","3139","195","09","005","32290"
"Harwinton town, Litchfield County, Connecticut","118508","5499","5481","194","09","005","37280"
"Kent town, Litchfield County, Connecticut","89348","2970","2727","98","09","005","40290"
"Litchfield town, Litchfield County, Connecticut","98286","8161","8064","432","09","005","43370"
"Morris town, Litchfield County, Connecticut","94167","2149","2149","214","09","005","49460"
"New Hartford town, Litchfield County, Connecticut","100156","6685","6668","78","09","005","51350"
"New Milford town, Litchfield County, Connecticut","93221","28074","27765","1983","09","005","52630"
"Norfolk town, Litchfield County, Connecticut","76382","1685","1676","192","09","005","53470"
"North Canaan town, Litchfield County, Connecticut","60789","3209","3049","543","09","005","54030"
"Plymouth town, Litchfield County, Connecticut","84550","11705","11572","956","09","005","60750"
"Roxbury town, Litchfield County, Connecticut","107328","2104","2099","94","09","005","65930"
"Salisbury town, Litchfield County, Connecticut","87688","4048","3943","168","09","005","66420"
"Sharon town, Litchfield County, Connecticut","93385","2679","2654","322","09","005","67960"
"Thomaston town, Litchfield County, Connecticut","81013","7497","7492","330","09","005","75730"
"Torrington town, Litchfield County, Connecticut","63135","35447","34639","4715","09","005","76570"
"Warren town, Litchfield County, Connecticut","133125","1383","1382","44","09","005","79510"
"Washington town, Litchfield County, Connecticut","109712","3619","3484","363","09","005","79720"
"Watertown town, Litchfield County, Connecticut","81357","22110","22044","936","09","005","80490"
"Winchester town, Litchfield County, Connecticut","65537","10335","10209","1164","09","005","86440"
"Woodbury town, Litchfield County, Connecticut","104081","9762","9751","423","09","005","87910"
"County subdivisions not defined, Middlesex County, Connecticut","-666666666","0","0","0","09","007","00000"
"Chester town, Middlesex County, Connecticut","93333","3787","3679","218","09","007","14300"
"Clinton town, Middlesex County, Connecticut","98836","13283","13248","586","09","007","15350"
"Cromwell town, Middlesex County, Connecticut","94468","14252","13924","751","09","007","18080"
"Deep River town, Middlesex County, Connecticut","79090","4473","4447","202","09","007","19130"
"Durham town, Middlesex County, Connecticut","133652","7242","7191","316","09","007","20810"
"East Haddam town, Middlesex County, Connecticut","97353","8973","8866","369","09","007","22280"
"East Hampton town, Middlesex County, Connecticut","107869","12858","12744","628","09","007","22490"
"Essex town, Middlesex County, Connecticut","91618","6725","6664","325","09","007","26270"
"Haddam town, Middlesex County, Connecticut","120247","8494","8389","150","09","007","35230"
"Killingworth town, Middlesex County, Connecticut","117900","6276","6276","286","09","007","40710"
"Middlefield town, Middlesex County, Connecticut","90125","4276","4276","387","09","007","47080"
"Middletown town, Middlesex County, Connecticut","67485","47164","43263","4843","09","007","47360"
"Old Saybrook town, Middlesex County, Connecticut","95795","10506","10409","448","09","007","57320"
"Portland town, Middlesex County, Connecticut","107034","9459","9394","488","09","007","61800"
"Westbrook town, Middlesex County, Connecticut","64695","6800","6790","264","09","007","81680"
"County subdivisions not defined, New Haven County, Connecticut","-666666666","0","0","0","09","009","00000"
"Ansonia town, New Haven County, Connecticut","61846","18945","18945","2319","09","009","01220"
"Beacon Falls town, New Haven County, Connecticut","90804","6027","6010","164","09","009","03250"
"Bethany town, New Haven County, Connecticut","136667","5331","5266","43","09","009","04580"
"Branford town, New Haven County, Connecticut","87738","28230","28035","1672","09","009","07310"
"Cheshire town, New Haven County, Connecticut","132682","28766","26351","925","09","009","14160"
"Derby town, New Haven County, Connecticut","64494","12387","12224","1600","09","009","19550"
"East Haven town, New Haven County, Connecticut","74238","28054","27773","2266","09","009","22910"
"Guilford town, New Haven County, Connecticut","115171","22113","21952","815","09","009","34950"
"Hamden town, New Haven County, Connecticut","80779","61160","55325","5140","09","009","35650"
"Madison town, New Haven County, Connecticut","140990","17742","17580","456","09","009","44560"
"Meriden town, New Haven County, Connecticut","59792","60790","60088","8179","09","009","46520"
"Middlebury town, New Haven County, Connecticut","124619","7617","7575","274","09","009","46940"
"Milford town, New Haven County, Connecticut","97785","52308","51905","2123","09","009","47535"
"Naugatuck town, New Haven County, Connecticut","86900","31586","31309","1529","09","009","49950"
"New Haven town, New Haven County, Connecticut","48973","133874","125332","30817","09","009","52070"
"North Branford town, New Haven County, Connecticut","101463","13643","13604","378","09","009","53890"
"North Haven town, New Haven County, Connecticut","110009","24217","24059","1386","09","009","54870"
"Orange town, New Haven County, Connecticut","128171","14225","14169","332","09","009","57600"
"Oxford town, New Haven County, Connecticut","116431","12744","12744","248","09","009","58300"
"Prospect town, New Haven County, Connecticut","109800","9361","9227","108","09","009","62290"
"Seymour town, New Haven County, Connecticut","83781","16731","16497","796","09","009","67610"
"Southbury town, New Haven County, Connecticut","102044","19866","19665","794","09","009","69640"
"Wallingford town, New Haven County, Connecticut","88573","44428","43561","2803","09","009","78740"
"Waterbury town, New Haven County, Connecticut","48787","113783","111920","24247","09","009","80070"
"West Haven town, New Haven County, Connecticut","66868","55518","52200","6149","09","009","82870"
"Wolcott town, New Haven County, Connecticut","103523","16232","16117","454","09","009","87560"
"Woodbridge town, New Haven County, Connecticut","171652","9073","8972","169","09","009","87700"
"County subdivisions not defined, New London County, Connecticut","-666666666","0","0","0","09","011","00000"
"Bozrah town, New London County, Connecticut","90750","2389","2385","223","09","011","06820"
"Colchester town, New London County, Connecticut","104527","15552","15387","1024","09","011","15910"
"East Lyme town, New London County, Connecticut","98987","18798","17242","1045","09","011","23400"
"Franklin town, New London County, Connecticut","89948","1835","1813","87","09","011","29910"
"Griswold town, New London County, Connecticut","66524","11460","11448","863","09","011","33900"
"Groton town, New London County, Connecticut","73999","38686","35749","3230","09","011","34250"
"Lebanon town, New London County, Connecticut","96490","7140","7136","249","09","011","42390"
"Ledyard town, New London County, Connecticut","95359","15313","15304","762","09","011","42600"
"Lisbon town, New London County, Connecticut","83158","4198","4194","264","09","011","43230"
"Lyme town, New London County, Connecticut","111534","2430","2430","57","09","011","44210"
"Montville town, New London County, Connecticut","84246","18607","17146","802","09","011","48900"
"New London town, New London County, Connecticut","50819","27585","23692","5763","09","011","52350"
"North Stonington town, New London County, Connecticut","85266","5151","5146","322","09","011","55500"
"Norwich town, New London County, Connecticut","59791","40020","39670","4218","09","011","56270"
"Old Lyme town, New London County, Connecticut","113889","7582","7540","331","09","011","57040"
"Preston town, New London County, Connecticut","95553","4778","4778","110","09","011","62150"
"Salem town, New London County, Connecticut","108953","4186","4167","196","09","011","66210"
"Sprague town, New London County, Connecticut","78399","2955","2885","379","09","011","71670"
"Stonington town, New London County, Connecticut","90718","18354","18088","1135","09","011","73770"
"Voluntown town, New London County, Connecticut","84583","2554","2554","174","09","011","78600"
"Waterford town, New London County, Connecticut","95880","19558","19146","1202","09","011","80280"
"Andover town, Tolland County, Connecticut","102759","2998","2998","48","09","013","01080"
"Bolton town, Tolland County, Connecticut","116393","4839","4824","350","09","013","06260"
"Columbia town, Tolland County, Connecticut","113983","5269","5269","267","09","013","16400"
"Coventry town, Tolland County, Connecticut","94058","12186","12146","759","09","013","17800"
"Ellington town, Tolland County, Connecticut","109545","16339","16231","1099","09","013","25360"
"Hebron town, Tolland County, Connecticut","131895","9122","9113","448","09","013","37910"
"Mansfield town, Tolland County, Connecticut","45388","26431","14109","3719","09","013","44910"
"Somers town, Tolland County, Connecticut","107139","10398","8843","182","09","013","69220"
"Stafford town, Tolland County, Connecticut","85684","11472","11263","726","09","013","72090"
"Tolland town, Tolland County, Connecticut","121120","14546","14415","1107","09","013","76290"
"Union town, Tolland County, Connecticut","89792","932","932","37","09","013","77830"
"Vernon town, Tolland County, Connecticut","68566","30002","29733","3638","09","013","78250"
"Willington town, Tolland County, Connecticut","78351","5586","5532","758","09","013","85950"
"Ashford town, Windham County, Connecticut","90441","4193","4193","257","09","015","01430"
"Brooklyn town, Windham County, Connecticut","79961","8421","7798","467","09","015","09190"
"Canterbury town, Windham County, Connecticut","95364","5053","5053","283","09","015","12130"
"Chaplin town, Windham County, Connecticut","85083","2208","2208","113","09","015","13810"
"Eastford town, Windham County, Connecticut","98000","1648","1626","90","09","015","21860"
"Hampton town, Windham County, Connecticut","92143","1685","1685","99","09","015","36000"
"Killingly town, Windham County, Connecticut","70728","17681","17328","2339","09","015","40500"
"Plainfield town, Windham County, Connecticut","68915","14991","14824","1143","09","015","59980"
"Pomfret town, Windham County, Connecticut","93467","4255","4096","309","09","015","61030"
"Putnam town, Windham County, Connecticut","67070","9250","9031","661","09","015","62710"
"Scotland town, Windham County, Connecticut","89625","1639","1639","48","09","015","67400"
"Sterling town, Windham County, Connecticut","86394","3599","3599","614","09","015","73420"
"Thompson town, Windham County, Connecticut","81649","9213","9165","582","09","015","75870"
"Windham town, Windham County, Connecticut","49528","24480","21146","5245","09","015","86790"
"Woodstock town, Windham County, Connecticut","94451","8187","8187","391","09","015","88190"
