year,leaid,lea_name,agency_type,enrollment,lowest_grade_offered,highest_grade_offered,county_code
2018,0900001,UNIFIED SCHOOL DISTRICT #3,5,,,,9003
2018,0900002,Connecticut Technical High Sc,5,10645,9,12,9007
2018,0900003,UNIFIED SCHOOL DISTRICT #1,5,156,8,12,9003
2018,0900004,UNIFIED SCHOOL DISTRICT #2,5,74,7,12,9003
2018,0900005,REGIONAL SCHOOL DISTRICT 19,1,1146,9,12,9013
2018,0900007,JUMOKE ACADEMY DISTRICT,7,717,-1,12,9003
2018,0900009,ODYSSEY COMMUNITY SCHOOL DIST,7,329,0,8,9003
2018,0900010,INTEGRATED DAY CHARTER SCHOOL,7,337,-1,8,9011
2018,0900011,INTRDIST SCH FOR ARTS AND COM,7,278,6,8,9011
2018,0900014,COMMON GROUND HIGH SCHOOL DIS,7,216,9,12,9009
2018,0900015,THE BRIDGE ACADEMY DISTRICT,7,281,7,12,9001
2018,0900016,SIDE BY SIDE COMMUNITY SCHOOL,7,236,-1,8,9001
2018,0900018,EXPLORATIONS DISTRICT,7,88,9,12,9005
2018,0900023,TRAILBLAZERS ACADEMY DISTRICT,7,127,6,8,9001
2018,0900024,AMISTAD ACADEMY DISTRICT,7,1083,0,12,9009
2018,0900026,DEPARTMENT OF SOCIAL SERVICES,5,,,,9003
2018,0900027,DEPARTMENT OF MENTAL HEALTH A,5,1,12,12,9003
2018,0900028,NEW BEGINNINGS INC.,7,482,-1,8,9001
2018,0900030,ANDOVER SCHOOL DISTRICT,1,191,-1,6,9013
2018,0900031,Stamford Academy,7,152,9,12,9001
2018,0900033,Park City Prep Charter School,7,360,5,8,9001
2018,0900060,ANSONIA SCHOOL DISTRICT,1,2305,-1,12,9009
2018,0900070,AREA COOPERATIVE EDUCATIONAL,9,1874,-1,12,9009
2018,0900090,ASHFORD SCHOOL DISTRICT,1,409,-1,8,9015
2018,0900120,AVON SCHOOL DISTRICT,1,3138,-1,12,9003
2018,0900150,BARKHAMSTED SCHOOL DISTRICT,1,226,-1,6,9005
2018,0900207,Highville Charter School,7,502,-1,12,9009
2018,0900208,Bridgeport Achievement First,7,1093,0,12,9001
2018,0900210,BERLIN SCHOOL DISTRICT,1,2787,-1,12,9003
2018,0900212,Achievement First Hartford Ac,7,1112,0,12,9003
2018,0900214,Elm City College Preparatory,7,756,0,12,9009
2018,0900215,Brass City Charter School Dis,7,287,-1,6,9009
2018,0900216,Elm City Montessori School Di,7,199,-1,4,9009
2018,0900217,Booker T Washington Academy D,7,360,0,5,9009
2018,0900218,Path Academy District,7,,,,9015
2018,0900219,Great Oaks Charter School Bri,7,465,6,10,9001
2018,0900220,Stamford Charter School for E,7,339,-1,4,9001
2018,0900221,Capital Preparatory Harbor Sc,7,634,0,12,9001
2018,0900240,BETHANY SCHOOL DISTRICT,1,364,-1,6,9009
2018,0900270,BETHEL SCHOOL DISTRICT,1,3102,-1,12,9001
2018,0900330,BLOOMFIELD SCHOOL DISTRICT,1,2171,-1,12,9003
2018,0900360,BOLTON SCHOOL DISTRICT,1,781,-1,12,9013
2018,0900390,BOZRAH SCHOOL DISTRICT,1,201,-1,8,9011
2018,0900420,BRANFORD SCHOOL DISTRICT,1,2850,-1,12,9009
2018,0900450,BRIDGEPORT SCHOOL DISTRICT,1,20396,-1,12,9001
2018,0900510,BRISTOL SCHOOL DISTRICT,1,7836,-1,12,9003
2018,0900540,BROOKFIELD SCHOOL DISTRICT,1,2619,-1,12,9001
2018,0900570,BROOKLYN SCHOOL DISTRICT,1,910,-1,8,9015
2018,0900630,CANAAN SCHOOL DISTRICT,1,63,0,8,9005
2018,0900660,CANTERBURY SCHOOL DISTRICT,1,465,-1,8,9015
2018,0900690,CANTON SCHOOL DISTRICT,1,1550,-1,12,9003
2018,0900700,CAPITOL REGION EDUCATION COUN,9,8672,-1,12,9003
2018,0900720,CHAPLIN SCHOOL DISTRICT,1,154,-1,6,9015
2018,0900750,CHESHIRE SCHOOL DISTRICT,1,4270,-1,12,9009
2018,0900780,CHESTER SCHOOL DISTRICT,1,194,0,6,9007
2018,0900810,CLINTON SCHOOL DISTRICT,1,1743,-1,12,9007
2018,0900840,COLCHESTER SCHOOL DISTRICT,1,2309,-1,12,9011
2018,0900870,COLEBROOK SCHOOL DISTRICT,1,84,0,6,9005
2018,0900900,COLUMBIA SCHOOL DISTRICT,1,433,-1,8,9013
2018,0900910,COOPERATIVE EDUCATIONAL SERVI,9,839,-1,12,9001
2018,0900930,CORNWALL SCHOOL DISTRICT,1,91,0,8,9005
2018,0900960,COVENTRY SCHOOL DISTRICT,1,1641,-1,12,9013
2018,0900990,CROMWELL SCHOOL DISTRICT,1,1932,-1,12,9007
2018,0901020,DANBURY SCHOOL DISTRICT,1,11507,-1,12,9001
2018,0901050,DARIEN SCHOOL DISTRICT,1,4740,-1,12,9001
2018,0901080,DEEP RIVER SCHOOL DISTRICT,1,242,0,6,9007
2018,0901110,DERBY SCHOOL DISTRICT,1,1298,-1,12,9009
2018,0901170,EAST GRANBY SCHOOL DISTRICT,1,848,-1,12,9003
2018,0901200,EAST HADDAM SCHOOL DISTRICT,1,1007,-1,12,9007
2018,0901230,EAST HAMPTON SCHOOL DISTRICT,1,1864,-1,12,9007
2018,0901260,EAST HARTFORD SCHOOL DISTRICT,1,6812,-1,12,9003
2018,0901290,EAST HAVEN SCHOOL DISTRICT,1,2868,-1,12,9009
2018,0901320,EAST LYME SCHOOL DISTRICT,1,2693,-1,12,9011
2018,0901350,EAST WINDSOR SCHOOL DISTRICT,1,1092,-1,12,9003
2018,0901360,EASTERN CONNECTICUT REGIONAL,9,429,-1,12,9015
2018,0901380,EASTFORD SCHOOL DISTRICT,1,165,-1,8,9015
2018,0901410,EASTON SCHOOL DISTRICT,1,897,-1,8,9001
2018,0901440,ELLINGTON SCHOOL DISTRICT,1,2732,-1,12,9013
2018,0901470,ENFIELD SCHOOL DISTRICT,1,5070,-1,12,9003
2018,0901500,ESSEX SCHOOL DISTRICT,1,332,-1,6,9007
2018,0901530,FAIRFIELD SCHOOL DISTRICT,1,9805,-1,12,9001
2018,0901560,FARMINGTON SCHOOL DISTRICT,1,4082,-1,12,9003
2018,0901590,FRANKLIN SCHOOL DISTRICT,1,154,-1,8,9011
2018,0901620,GLASTONBURY SCHOOL DISTRICT,1,5876,-1,12,9003
2018,0901680,GRANBY SCHOOL DISTRICT,1,1871,-1,12,9003
2018,0901710,GREENWICH SCHOOL DISTRICT,1,9074,-1,12,9001
2018,0901740,GRISWOLD SCHOOL DISTRICT,1,1765,-1,12,9011
2018,0901770,GROTON SCHOOL DISTRICT,1,4298,-1,12,9011
2018,0901800,GUILFORD SCHOOL DISTRICT,1,3291,-1,12,9009
2018,0901860,HAMDEN SCHOOL DISTRICT,1,5336,-1,12,9009
2018,0901890,HAMPTON SCHOOL DISTRICT,1,93,-1,6,9015
2018,0901920,HARTFORD SCHOOL DISTRICT,1,19051,-1,12,9003
2018,0901950,HARTLAND SCHOOL DISTRICT,1,160,-1,8,9003
2018,0902010,HEBRON SCHOOL DISTRICT,1,663,-1,6,9013
2018,0902040,KENT SCHOOL DISTRICT,1,213,-1,8,9005
2018,0902070,KILLINGLY SCHOOL DISTRICT,1,2462,-1,12,9015
2018,0902130,LEBANON SCHOOL DISTRICT,1,990,-1,12,9011
2018,0902160,LEDYARD SCHOOL DISTRICT,1,2417,-1,12,9011
2018,0902190,LISBON SCHOOL DISTRICT,1,401,-1,8,9011
2018,0902220,LITCHFIELD SCHOOL DISTRICT,1,890,-1,12,9005
2018,0902280,MADISON SCHOOL DISTRICT,1,2717,-1,12,9009
2018,0902310,MANCHESTER SCHOOL DISTRICT,1,6200,-1,12,9003
2018,0902340,MANSFIELD SCHOOL DISTRICT,1,1142,-1,8,9013
2018,0902370,MARLBOROUGH SCHOOL DISTRICT,1,449,-1,6,9003
2018,0902400,MERIDEN SCHOOL DISTRICT,1,7921,-1,12,9009
2018,0902490,MIDDLETOWN SCHOOL DISTRICT,1,4578,-1,12,9007
2018,0902520,MILFORD SCHOOL DISTRICT,1,5599,-1,12,9009
2018,0902550,MONROE SCHOOL DISTRICT,1,3105,-1,12,9001
2018,0902580,MONTVILLE SCHOOL DISTRICT,1,2059,-1,12,9011
2018,0902640,NAUGATUCK SCHOOL DISTRICT,1,4306,-1,12,9009
2018,0902670,NEW BRITAIN SCHOOL DISTRICT,1,10118,-1,12,9003
2018,0902700,NEW CANAAN SCHOOL DISTRICT,1,4161,-1,12,9001
2018,0902730,NEW FAIRFIELD SCHOOL DISTRICT,1,2237,-1,12,9001
2018,0902760,NEW HARTFORD SCHOOL DISTRICT,1,446,-1,6,9005
2018,0902790,NEW HAVEN SCHOOL DISTRICT,1,21075,-1,12,9009
2018,0902820,NEW LONDON SCHOOL DISTRICT,1,3512,-1,12,9011
2018,0902850,NEW MILFORD SCHOOL DISTRICT,1,3977,-1,12,9005
2018,0902880,NEWINGTON SCHOOL DISTRICT,1,4031,-1,12,9003
2018,0902910,NEWTOWN SCHOOL DISTRICT,1,4282,-1,12,9001
2018,0902940,NORFOLK SCHOOL DISTRICT,1,95,-1,6,9005
2018,0902970,NORTH BRANFORD SCHOOL DISTRIC,1,1729,-1,12,9009
2018,0903000,NORTH CANAAN SCHOOL DISTRICT,1,255,-1,8,9005
2018,0903030,NORTH HAVEN SCHOOL DISTRICT,1,3141,-1,12,9009
2018,0903060,NORTH STONINGTON SCHOOL DISTR,1,724,-1,12,9011
2018,0903090,NORWALK SCHOOL DISTRICT,1,11421,-1,12,9001
2018,0903120,NORWICH SCHOOL DISTRICT,1,3510,-1,12,9011
2018,0903180,OLD SAYBROOK SCHOOL DISTRICT,1,1212,-1,12,9007
2018,0903210,ORANGE SCHOOL DISTRICT,1,1180,-1,6,9009
2018,0903240,OXFORD SCHOOL DISTRICT,1,1789,-1,12,9009
2018,0903270,PLAINFIELD SCHOOL DISTRICT,1,2189,-1,12,9015
2018,0903300,PLAINVILLE SCHOOL DISTRICT,1,2337,-1,12,9003
2018,0903330,PLYMOUTH SCHOOL DISTRICT,1,1419,-1,12,9005
2018,0903360,POMFRET SCHOOL DISTRICT,1,379,-1,8,9015
2018,0903390,PORTLAND SCHOOL DISTRICT,1,1313,-1,12,9007
2018,0903420,PRESTON SCHOOL DISTRICT,1,440,-1,8,9011
2018,0903450,LEARN,9,2509,-1,12,9011
2018,0903480,PUTNAM SCHOOL DISTRICT,1,1201,-1,12,9015
2018,0903510,REDDING SCHOOL DISTRICT,1,854,-1,8,9001
2018,0903512,EDUCATION CONNECTION,4,278,2,12,9001
2018,0903515,REGIONAL SCHOOL DISTRICT 06,1,909,-1,12,9005
2018,0903520,REGIONAL SCHOOL DISTRICT 10,1,2260,-1,12,9003
2018,0903530,REGIONAL SCHOOL DISTRICT 12,1,683,-1,12,9005
2018,0903535,REGIONAL SCHOOL DISTRICT 13,1,1610,-1,12,9007
2018,0903536,REGIONAL SCHOOL DISTRICT 14,1,1647,-1,12,9005
2018,0903537,REGIONAL SCHOOL DISTRICT 15,1,3602,-1,12,9009
2018,0903538,REGIONAL SCHOOL DISTRICT 16,1,2124,-1,12,9009
2018,0903539,REGIONAL SCHOOL DISTRICT 17,1,2015,-1,12,9007
2018,0903540,REGIONAL SCHOOL DISTRICT 18,1,1257,-1,12,9011
2018,0903570,REGIONAL SCHOOL DISTRICT 11,1,225,7,12,9015
2018,0903600,REGIONAL SCHOOL DISTRICT 01,1,387,1,12,9005
2018,0903630,REGIONAL SCHOOL DISTRICT 04,1,885,7,12,9007
2018,0903660,REGIONAL SCHOOL DISTRICT 05,1,2167,7,12,9009
2018,0903720,REGIONAL SCHOOL DISTRICT 07,1,1063,7,12,9005
2018,0903750,REGIONAL SCHOOL DISTRICT 08,1,1435,7,12,9013
2018,0903780,REGIONAL SCHOOL DISTRICT 09,1,875,9,12,9001
2018,0903810,RIDGEFIELD SCHOOL DISTRICT,1,4838,-1,12,9001
2018,0903840,ROCKY HILL SCHOOL DISTRICT,1,2740,-1,12,9003
2018,0903900,SALEM SCHOOL DISTRICT,1,412,-1,8,9011
2018,0903930,SALISBURY SCHOOL DISTRICT,1,287,-1,8,9005
2018,0903960,SCOTLAND SCHOOL DISTRICT,1,105,-1,6,9015
2018,0903990,SEYMOUR SCHOOL DISTRICT,1,2164,-1,12,9009
2018,0904020,SHARON SCHOOL DISTRICT,1,115,0,8,9005
2018,0904050,SHELTON SCHOOL DISTRICT,1,4688,-1,12,9001
2018,0904080,SHERMAN SCHOOL DISTRICT,1,279,-1,8,9001
2018,0904110,SIMSBURY SCHOOL DISTRICT,1,4059,-1,12,9003
2018,0904140,SOMERS SCHOOL DISTRICT,1,1374,-1,12,9013
2018,0904170,SOUTH WINDSOR SCHOOL DISTRICT,1,4340,-1,12,9003
2018,0904230,SOUTHINGTON SCHOOL DISTRICT,1,6350,-1,12,9003
2018,0904260,SPRAGUE SCHOOL DISTRICT,1,313,-1,12,9011
2018,0904290,STAFFORD SCHOOL DISTRICT,1,1500,-1,12,9013
2018,0904320,STAMFORD SCHOOL DISTRICT,1,15942,-1,12,9001
2018,0904350,STERLING SCHOOL DISTRICT,1,361,-1,8,9015
2018,0904380,STONINGTON SCHOOL DISTRICT,1,2028,-1,12,9011
2018,0904440,STRATFORD SCHOOL DISTRICT,1,6762,-1,12,9001
2018,0904470,SUFFIELD SCHOOL DISTRICT,1,2135,-1,12,9003
2018,0904500,THOMASTON SCHOOL DISTRICT,1,845,-1,12,9005
2018,0904530,THOMPSON SCHOOL DISTRICT,1,984,-1,12,9015
2018,0904560,TOLLAND SCHOOL DISTRICT,1,2368,-1,12,9013
2018,0904590,TORRINGTON SCHOOL DISTRICT,1,3846,-1,12,9005
2018,0904620,TRUMBULL SCHOOL DISTRICT,1,6722,-1,12,9001
2018,0904650,UNION SCHOOL DISTRICT,1,52,-1,8,9013
2018,0904680,VERNON SCHOOL DISTRICT,1,3114,-1,12,9013
2018,0904710,VOLUNTOWN SCHOOL DISTRICT,1,264,-1,8,9011
2018,0904740,WALLINGFORD SCHOOL DISTRICT,1,5730,-1,12,9009
2018,0904830,WATERBURY SCHOOL DISTRICT,1,18751,-1,12,9009
2018,0904860,WATERFORD SCHOOL DISTRICT,1,2497,-1,12,9011
2018,0904890,WATERTOWN SCHOOL DISTRICT,1,2742,-1,12,9005
2018,0904920,WEST HARTFORD SCHOOL DISTRICT,1,9593,-1,12,9003
2018,0904950,WEST HAVEN SCHOOL DISTRICT,1,5811,-1,12,9009
2018,0904980,WESTBROOK SCHOOL DISTRICT,1,671,-1,12,9007
2018,0905010,WESTON SCHOOL DISTRICT,1,2309,-1,12,9001
2018,0905040,WESTPORT SCHOOL DISTRICT,1,5509,-1,12,9001
2018,0905070,WETHERSFIELD SCHOOL DISTRICT,1,3587,-1,12,9003
2018,0905100,WILLINGTON SCHOOL DISTRICT,1,427,-1,8,9013
2018,0905130,WILTON SCHOOL DISTRICT,1,3921,-1,12,9001
2018,0905160,WINCHESTER SCHOOL DISTRICT,1,536,-1,6,9005
2018,0905190,WINDHAM SCHOOL DISTRICT,1,3344,-1,12,9015
2018,0905220,WINDSOR SCHOOL DISTRICT,1,3257,-1,12,9003
2018,0905250,WINDSOR LOCKS SCHOOL DISTRICT,1,1561,-1,12,9003
2018,0905280,WOLCOTT SCHOOL DISTRICT,1,2232,-1,12,9009
2018,0905310,WOODBRIDGE SCHOOL DISTRICT,1,843,-1,6,9009
2018,0905370,WOODSTOCK SCHOOL DISTRICT,1,834,-1,8,9015
2018,0905371,NORWICH FREE ACADEMY,1,2256,9,12,9011
2018,0905372,THE GILBERT SCHOOL,1,510,7,12,9005
2018,0905373,WOODSTOCK ACADEMY,1,1098,9,12,9015
2019,0900001,Office of Early Childhood,5,,,,9003
2019,0900002,Connecticut Technical Education and Career System,5,10993,9,12,9007
2019,0900003,Unified School District #1,5,158,8,12,9003
2019,0900004,Unified School District #2,5,68,6,12,9003
2019,0900005,Regional School District 19,1,1098,9,12,9013
2019,0900007,Jumoke Academy District,7,705,-1,12,9003
2019,0900009,Odyssey Community School District,7,329,0,8,9003
2019,0900010,Integrated Day Charter School District,7,352,-1,8,9011
2019,0900011,Interdistrict School for Arts and Comm District,7,279,6,8,9011
2019,0900014,Common Ground High School District,7,222,9,12,9009
2019,0900015,The Bridge Academy District,7,281,7,12,9001
2019,0900016,Side By Side Charter School District,7,236,-1,8,9001
2019,0900018,Explorations District,7,93,9,12,9005
2019,0900023,Trailblazers Academy District,7,,,,9001
2019,0900024,Amistad Academy District,7,1103,0,12,9009
2019,0900026,Department of Social Services,5,,,,9003
2019,0900027,Department of Mental Health and Addiction Services,5,7,12,12,9003
2019,0900028,New Beginnings Inc Family Academy District,7,505,-1,8,9001
2019,0900030,Andover School District,1,195,-1,6,9013
2019,0900031,Stamford Academy District,7,147,9,12,9001
2019,0900033,Park City Prep Charter School District,7,361,5,8,9001
2019,0900060,Ansonia School District,1,2265,-1,12,9009
2019,0900070,Area Cooperative Educational Services,9,1835,-1,12,9009
2019,0900090,Ashford School District,1,390,-1,8,9015
2019,0900120,Avon School District,1,3162,-1,12,9003
2019,0900150,Barkhamsted School District,1,218,-1,6,9005
2019,0900207,Highville Charter School District,7,460,-1,12,9009
2019,0900208,Achievement First Bridgeport Academy District,7,1110,0,12,9001
2019,0900210,Berlin School District,1,2735,-1,12,9003
2019,0900212,Achievement First Hartford Academy District,7,1169,0,12,9003
2019,0900214,Elm City College Preparatory School District,7,767,0,12,9009
2019,0900215,Brass City Charter School District,7,326,-1,7,9009
2019,0900216,Elm City Montessori School District,7,229,-1,5,9009
2019,0900217,Booker T. Washington Academy District,7,420,0,6,9009
2019,0900219,Great Oaks Charter School District,7,555,6,11,9001
2019,0900220,Stamford Charter School for Excellence District,7,395,-1,5,9001
2019,0900221,Capital Preparatory Harbor School District,7,760,0,12,9001
2019,0900222,Judicial Centers,8,67,7,12,9003
2019,0900223,Shared Services,4,,,,9005
2019,0900224,Project Oceanology,4,,,,9011
2019,0900240,Bethany School District,1,369,-1,6,9009
2019,0900270,Bethel School District,1,3139,-1,12,9001
2019,0900330,Bloomfield School District,1,2192,-1,12,9003
2019,0900360,Bolton School District,1,774,-1,12,9013
2019,0900390,Bozrah School District,1,185,-1,8,9011
2019,0900420,Branford School District,1,2791,-1,12,9009
2019,0900450,Bridgeport School District,1,20111,-1,12,9001
2019,0900510,Bristol School District,1,7858,-1,12,9003
2019,0900540,Brookfield School District,1,2609,-1,12,9001
2019,0900570,Brooklyn School District,1,903,-1,8,9015
2019,0900630,Canaan School District,1,67,0,8,9005
2019,0900660,Canterbury School District,1,469,-1,8,9015
2019,0900690,Canton School District,1,1562,-1,12,9003
2019,0900700,Capitol Region Education Council,9,8653,-1,12,9003
2019,0900720,Chaplin School District,1,139,-1,6,9015
2019,0900750,Cheshire School District,1,4188,-1,12,9009
2019,0900780,Chester School District,1,186,0,6,9007
2019,0900810,Clinton School District,1,1679,-1,12,9007
2019,0900840,Colchester School District,1,2311,-1,12,9011
2019,0900870,Colebrook School District,1,74,0,6,9005
2019,0900900,Columbia School District,1,408,-1,8,9013
2019,0900910,Cooperative Educational Services,9,859,-1,12,9001
2019,0900930,Cornwall School District,1,87,0,8,9005
2019,0900960,Coventry School District,1,1673,-1,12,9013
2019,0900990,Cromwell School District,1,1968,-1,12,9007
2019,0901020,Danbury School District,1,11903,-1,12,9001
2019,0901050,Darien School District,1,4737,-1,12,9001
2019,0901080,Deep River School District,1,235,0,6,9007
2019,0901110,Derby School District,1,1280,-1,12,9009
2019,0901170,East Granby School District,1,831,-1,12,9003
2019,0901200,East Haddam School District,1,996,-1,12,9007
2019,0901230,East Hampton School District,1,1837,-1,12,9007
2019,0901260,East Hartford School District,1,6767,-1,12,9003
2019,0901290,East Haven School District,1,2871,-1,12,9009
2019,0901320,East Lyme School District,1,2687,-1,12,9011
2019,0901350,East Windsor School District,1,1067,-1,12,9003
2019,0901360,Eastern Connecticut Regional Educational Service Center,9,473,0,12,9015
2019,0901380,Eastford School District,1,150,-1,8,9015
2019,0901410,Easton School District,1,881,-1,8,9001
2019,0901440,Ellington School District,1,2676,-1,12,9013
2019,0901470,Enfield School District,1,5015,-1,12,9003
2019,0901500,Essex School District,1,330,-1,6,9007
2019,0901530,Fairfield School District,1,9624,-1,12,9001
2019,0901560,Farmington School District,1,4149,-1,12,9003
2019,0901590,Franklin School District,1,158,-1,8,9011
2019,0901620,Glastonbury School District,1,5814,-1,12,9003
2019,0901680,Granby School District,1,1790,-1,12,9003
2019,0901710,Greenwich School District,1,9015,-1,12,9001
2019,0901740,Griswold School District,1,1765,-1,12,9011
2019,0901770,Groton School District,1,4252,-1,12,9011
2019,0901800,Guilford School District,1,3236,-1,12,9009
2019,0901860,Hamden School District,1,5408,-1,12,9009
2019,0901890,Hampton School District,1,90,-1,6,9015
2019,0901920,Hartford School District,1,18081,-1,12,9003
2019,0901950,Hartland School District,1,157,-1,8,9003
2019,0902010,Hebron School District,1,658,-1,6,9013
2019,0902040,Kent School District,1,205,-1,8,9005
2019,0902070,Killingly School District,1,2463,-1,12,9015
2019,0902130,Lebanon School District,1,975,-1,12,9011
2019,0902160,Ledyard School District,1,2411,-1,12,9011
2019,0902190,Lisbon School District,1,419,-1,8,9011
2019,0902220,Litchfield School District,1,882,-1,12,9005
2019,0902280,Madison School District,1,2610,-1,12,9009
2019,0902310,Manchester School District,1,6262,-1,12,9003
2019,0902340,Mansfield School District,1,1131,-1,8,9013
2019,0902370,Marlborough School District,1,448,-1,6,9003
2019,0902400,Meriden School District,1,8117,-1,12,9009
2019,0902490,Middletown School District,1,4548,-1,12,9007
2019,0902520,Milford School District,1,5583,-1,12,9009
2019,0902550,Monroe School District,1,3123,-1,12,9001
2019,0902580,Montville School District,1,2046,-1,12,9011
2019,0902640,Naugatuck School District,1,4359,-1,12,9009
2019,0902670,New Britain School District,1,10032,-1,12,9003
2019,0902700,New Canaan School District,1,4208,-1,12,9001
2019,0902730,New Fairfield School District,1,2179,-1,12,9001
2019,0902760,New Hartford School District,1,434,-1,6,9005
2019,0902790,New Haven School District,1,20468,-1,12,9009
2019,0902820,New London School District,1,3391,-1,12,9011
2019,0902850,New Milford School District,1,3930,-1,12,9005
2019,0902880,Newington School District,1,3993,-1,12,9003
2019,0902910,Newtown School District,1,4162,-1,12,9001
2019,0902940,Norfolk School District,1,73,-1,6,9005
2019,0902970,North Branford School District,1,1692,-1,12,9009
2019,0903000,North Canaan School District,1,253,-1,8,9005
2019,0903030,North Haven School District,1,3160,-1,12,9009
2019,0903060,North Stonington School District,1,741,-1,12,9011
2019,0903090,Norwalk School District,1,11642,-1,12,9001
2019,0903120,Norwich School District,1,3488,-1,12,9011
2019,0903180,Old Saybrook School District,1,1191,-1,12,9007
2019,0903210,Orange School District,1,1234,-1,6,9009
2019,0903240,Oxford School District,1,1712,-1,12,9009
2019,0903270,Plainfield School District,1,2162,-1,12,9015
2019,0903300,Plainville School District,1,2345,-1,12,9003
2019,0903330,Plymouth School District,1,1358,-1,12,9005
2019,0903360,Pomfret School District,1,382,-1,8,9015
2019,0903390,Portland School District,1,1296,-1,12,9007
2019,0903420,Preston School District,1,433,-1,8,9011
2019,0903450,Learn,9,2518,-1,12,9011
2019,0903480,Putnam School District,1,1160,-1,12,9015
2019,0903510,Redding School District,1,832,-1,8,9001
2019,0903512,EDUCATION CONNECTION,4,265,1,12,9001
2019,0903515,Regional School District 06,1,913,-1,12,9005
2019,0903520,Regional School District 10,1,2225,-1,12,9003
2019,0903530,Regional School District 12,1,705,-1,12,9005
2019,0903535,Regional School District 13,1,1509,-1,12,9007
2019,0903536,Regional School District 14,1,1584,-1,12,9005
2019,0903537,Regional School District 15,1,3646,-1,12,9009
2019,0903538,Regional School District 16,1,2073,-1,12,9009
2019,0903539,Regional School District 17,1,1941,-1,12,9007
2019,0903540,Regional School District 18,1,1288,-1,12,9011
2019,0903570,Regional School District 11,1,203,7,12,9015
2019,0903600,Regional School District 01,1,360,3,12,9005
2019,0903630,Regional School District 04,1,847,7,12,9007
2019,0903660,Regional School District 05,1,2168,7,12,9009
2019,0903720,Regional School District 07,1,1027,7,12,9005
2019,0903750,Regional School District 08,1,1391,7,12,9013
2019,0903780,Regional School District 09,1,855,9,12,9001
2019,0903810,Ridgefield School District,1,4679,-1,12,9001
2019,0903840,Rocky Hill School District,1,2698,-1,12,9003
2019,0903900,Salem School District,1,415,-1,8,9011
2019,0903930,Salisbury School District,1,284,-1,8,9005
2019,0903960,Scotland School District,1,106,-1,6,9015
2019,0903990,Seymour School District,1,2160,-1,12,9009
2019,0904020,Sharon School District,1,103,-1,8,9005
2019,0904050,Shelton School District,1,4654,-1,12,9001
2019,0904080,Sherman School District,1,274,-1,8,9001
2019,0904110,Simsbury School District,1,4064,-1,12,9003
2019,0904140,Somers School District,1,1349,-1,12,9013
2019,0904170,South Windsor School District,1,4536,-1,12,9003
2019,0904230,Southington School District,1,6298,-1,12,9003
2019,0904260,Sprague School District,1,272,-1,8,9011
2019,0904290,Stafford School District,1,1448,-1,12,9013
2019,0904320,Stamford School District,1,16479,-1,12,9001
2019,0904350,Sterling School District,1,360,-1,8,9015
2019,0904380,Stonington School District,1,1953,-1,12,9011
2019,0904440,Stratford School District,1,6795,-1,12,9001
2019,0904470,Suffield School District,1,2109,-1,12,9003
2019,0904500,Thomaston School District,1,848,-1,12,9005
2019,0904530,Thompson School District,1,974,-1,12,9015
2019,0904560,Tolland School District,1,2331,-1,12,9013
2019,0904590,Torrington School District,1,3788,-1,12,9005
2019,0904620,Trumbull School District,1,6787,-1,12,9001
2019,0904650,Union School District,1,46,-1,8,9013
2019,0904680,Vernon School District,1,3134,-1,12,9013
2019,0904710,Voluntown School District,1,261,-1,8,9011
2019,0904740,Wallingford School District,1,5649,-1,12,9009
2019,0904830,Waterbury School District,1,18697,-1,12,9009
2019,0904860,Waterford School District,1,2445,-1,12,9011
2019,0904890,Watertown School District,1,2705,-1,12,9005
2019,0904920,West Hartford School District,1,9437,-1,12,9003
2019,0904950,West Haven School District,1,5756,-1,12,9009
2019,0904980,Westbrook School District,1,664,-1,12,9007
2019,0905010,Weston School District,1,2282,-1,12,9001
2019,0905040,Westport School District,1,5312,-1,12,9001
2019,0905070,Wethersfield School District,1,3575,-1,12,9003
2019,0905100,Willington School District,1,438,-1,8,9013
2019,0905130,Wilton School District,1,3843,-1,12,9001
2019,0905160,Winchester School District,1,557,-1,6,9005
2019,0905190,Windham School District,1,3321,-1,12,9015
2019,0905220,Windsor School District,1,3303,-1,12,9003
2019,0905250,Windsor Locks School District,1,1587,-1,12,9003
2019,0905280,Wolcott School District,1,2188,-1,12,9009
2019,0905310,Woodbridge School District,1,838,-1,6,9009
2019,0905370,Woodstock School District,1,816,-1,8,9015
2019,0905371,Norwich Free Academy District,1,2266,9,12,9011
2019,0905372,The Gilbert School District,1,466,7,12,9005
2019,0905373,The Woodstock Academy District,1,1107,9,12,9015
2020,0900001,Office of Early Childhood (OEC),5,,,,9003
2020,0900002,Connecticut Technical Education and Career System,5,11331,9,12,9003
2020,0900003,Unified School District #1,5,145,8,12,9003
2020,0900004,Unified School District #2,5,51,6,12,9003
2020,0900005,Regional School District 19,1,1094,9,12,9013
2020,0900007,Jumoke Academy District,7,685,-1,12,9003
2020,0900009,Odyssey Community School District,7,328,0,8,9003
2020,0900010,Integrated Day Charter School District,7,353,-1,8,9011
2020,0900011,Interdistrict School for Arts and Comm District,7,281,6,8,9011
2020,0900014,Common Ground High School District,7,235,9,12,9009
2020,0900015,The Bridge Academy District,7,281,7,12,9001
2020,0900016,Side By Side Charter School District,7,235,-1,8,9001
2020,0900018,Explorations District,7,85,9,12,9005
2020,0900024,Amistad Academy District,7,1134,0,12,9009
2020,0900026,Department of Social Services,5,,,,9003
2020,0900027,Department of Mental Health and Addiction Services,5,2,9,12,9003
2020,0900028,New Beginnings Inc Family Academy District,7,502,-1,8,9001
2020,0900030,Andover School District,1,173,-1,6,9013
2020,0900031,Stamford Academy District,7,,,,9001
2020,0900033,Park City Prep Charter School District,7,360,5,8,9001
2020,0900060,Ansonia School District,1,2217,-1,12,9009
2020,0900070,Area Cooperative Educational Services,9,1826,0,12,9009
2020,0900090,Ashford School District,1,370,-1,8,9015
2020,0900120,Avon School District,1,3107,-1,12,9003
2020,0900150,Barkhamsted School District,1,202,-1,6,9005
2020,0900207,Highville Charter School District,7,447,-1,12,9009
2020,0900208,Achievement First Bridgeport Academy District,7,1127,0,12,9009
2020,0900210,Berlin School District,1,2692,-1,12,9003
2020,0900212,Achievement First Hartford Academy District,7,1163,0,12,9009
2020,0900214,Elm City College Preparatory School District,7,774,0,12,9009
2020,0900215,Brass City Charter School District,7,361,-1,8,9009
2020,0900216,Elm City Montessori School District,7,259,-1,6,9009
2020,0900217,Booker T. Washington Academy District,7,480,0,7,9009
2020,0900219,Great Oaks Charter School District,7,670,6,12,9001
2020,0900220,Stamford Charter School for Excellence District,7,391,0,6,9001
2020,0900221,Capital Preparatory Harbor School District,7,785,0,12,9001
2020,0900222,Judicial Centers,8,47,8,12,9003
2020,0900223,Shared Services,4,,,,9005
2020,0900224,Project Oceanology,4,,,,9011
2020,0900225,Office of Higher Education,5,,,,9003
2020,0900240,Bethany School District,1,369,-1,6,9009
2020,0900270,Bethel School District,1,3080,-1,12,9001
2020,0900330,Bloomfield School District,1,2059,-1,12,9003
2020,0900360,Bolton School District,1,748,-1,12,9013
2020,0900390,Bozrah School District,1,173,-1,8,9011
2020,0900420,Branford School District,1,2577,-1,12,9009
2020,0900450,Bridgeport School District,1,19276,-1,12,9001
2020,0900510,Bristol School District,1,7611,-1,12,9003
2020,0900540,Brookfield School District,1,2548,-1,12,9001
2020,0900570,Brooklyn School District,1,816,-1,8,9015
2020,0900630,Canaan School District,1,68,0,8,9005
2020,0900660,Canterbury School District,1,428,-1,8,9015
2020,0900690,Canton School District,1,1498,-1,12,9003
2020,0900700,Capitol Region Education Council,9,8792,-1,12,9003
2020,0900720,Chaplin School District,1,130,-1,6,9015
2020,0900750,Cheshire School District,1,4108,-1,12,9009
2020,0900780,Chester School District,1,200,0,6,9007
2020,0900810,Clinton School District,1,1563,-1,12,9007
2020,0900840,Colchester School District,1,2185,-1,12,9011
2020,0900870,Colebrook School District,1,75,0,6,9005
2020,0900900,Columbia School District,1,400,-1,8,9013
2020,0900910,Cooperative Educational Services,9,789,-1,12,9001
2020,0900930,Cornwall School District,1,104,-1,8,9005
2020,0900960,Coventry School District,1,1601,-1,12,9013
2020,0900990,Cromwell School District,1,1974,-1,12,9007
2020,0901020,Danbury School District,1,11813,-1,12,9001
2020,0901050,Darien School District,1,4653,-1,12,9001
2020,0901080,Deep River School District,1,218,0,6,9007
2020,0901110,Derby School District,1,1223,-1,12,9009
2020,0901170,East Granby School District,1,826,-1,12,9003
2020,0901200,East Haddam School District,1,933,-1,12,9007
2020,0901230,East Hampton School District,1,1819,-1,12,9007
2020,0901260,East Hartford School District,1,6546,-1,12,9003
2020,0901290,East Haven School District,1,2770,-1,12,9009
2020,0901320,East Lyme School District,1,2608,-1,12,9011
2020,0901350,East Windsor School District,1,1042,-1,12,9003
2020,0901360,Eastern Connecticut Regional Educational Service Center (EAS,9,443,1,12,9015
2020,0901380,Eastford School District,1,138,-1,8,9015
2020,0901410,Easton School District,1,856,-1,8,9001
2020,0901440,Ellington School District,1,2624,-1,12,9013
2020,0901470,Enfield School District,1,4895,-1,12,9003
2020,0901500,Essex School District,1,311,-1,6,9007
2020,0901530,Fairfield School District,1,9387,-1,12,9001
2020,0901560,Farmington School District,1,4075,-1,12,9003
2020,0901590,Franklin School District,1,163,-1,8,9011
2020,0901620,Glastonbury School District,1,5738,-1,12,9003
2020,0901680,Granby School District,1,1719,-1,12,9003
2020,0901710,Greenwich School District,1,8773,-1,12,9001
2020,0901740,Griswold School District,1,1663,-1,12,9011
2020,0901770,Groton School District,1,4046,-1,12,9011
2020,0901800,Guilford School District,1,3075,-1,12,9009
2020,0901860,Hamden School District,1,5269,-1,12,9009
2020,0901890,Hampton School District,1,72,-1,6,9015
2020,0901920,Hartford School District,1,17054,-1,12,9003
2020,0901950,Hartland School District,1,145,-1,8,9003
2020,0902010,Hebron School District,1,636,-1,6,9013
2020,0902040,Kent School District,1,207,-1,8,9005
2020,0902070,Killingly School District,1,2310,-1,12,9015
2020,0902130,Lebanon School District,1,934,-1,12,9011
2020,0902160,Ledyard School District,1,2337,-1,12,9011
2020,0902190,Lisbon School District,1,427,-1,8,9011
2020,0902220,Litchfield School District,1,815,-1,12,9005
2020,0902280,Madison School District,1,2458,-1,12,9009
2020,0902310,Manchester School District,1,6044,-1,12,9003
2020,0902340,Mansfield School District,1,1037,-1,8,9013
2020,0902370,Marlborough School District,1,441,-1,6,9003
2020,0902400,Meriden School District,1,8072,-1,12,9009
2020,0902490,Middletown School District,1,4344,-1,12,9007
2020,0902520,Milford School District,1,5378,-1,12,9009
2020,0902550,Monroe School District,1,3168,-1,12,9001
2020,0902580,Montville School District,1,1945,-1,12,9011
2020,0902640,Naugatuck School District,1,4241,-1,12,9009
2020,0902670,New Britain School District,1,9616,-1,12,9003
2020,0902700,New Canaan School District,1,4219,-1,12,9001
2020,0902730,New Fairfield School District,1,2123,-1,12,9001
2020,0902760,New Hartford School District,1,417,-1,6,9005
2020,0902790,New Haven School District,1,19827,-1,12,9009
2020,0902820,New London School District,1,3254,-1,12,9011
2020,0902850,New Milford School District,1,3719,-1,12,9005
2020,0902880,Newington School District,1,3950,-1,12,9003
2020,0902910,Newtown School District,1,4027,-1,12,9001
2020,0902940,Norfolk School District,1,80,-1,6,9005
2020,0902970,North Branford School District,1,1606,-1,12,9009
2020,0903000,North Canaan School District,1,248,-1,8,9005
2020,0903030,North Haven School District,1,3069,-1,12,9009
2020,0903060,North Stonington School District,1,702,-1,12,9011
2020,0903090,Norwalk School District,1,11509,-1,12,9001
2020,0903120,Norwich School District,1,3293,-1,12,9011
2020,0903180,Old Saybrook School District,1,1070,-1,12,9007
2020,0903210,Orange School District,1,1232,-1,6,9009
2020,0903240,Oxford School District,1,1608,-1,12,9009
2020,0903270,Plainfield School District,1,1995,-1,12,9015
2020,0903300,Plainville School District,1,2248,-1,12,9003
2020,0903330,Plymouth School District,1,1288,-1,12,9005
2020,0903360,Pomfret School District,1,336,-1,8,9015
2020,0903390,Portland School District,1,1266,-1,12,9007
2020,0903420,Preston School District,1,400,-1,8,9011
2020,0903450,Learn,9,2359,-1,12,9011
2020,0903480,Putnam School District,1,1097,-1,12,9015
2020,0903510,Redding School District,1,804,-1,8,9001
2020,0903512,EdAdvance,4,228,-1,12,9005
2020,0903515,Regional School District 06,1,877,-1,12,9005
2020,0903520,Regional School District 10,1,2179,-1,12,9003
2020,0903530,Regional School District 12,1,686,-1,12,9005
2020,0903535,Regional School District 13,1,1436,-1,12,9007
2020,0903536,Regional School District 14,1,1575,-1,12,9005
2020,0903537,Regional School District 15,1,3486,-1,12,9009
2020,0903538,Regional School District 16,1,1992,-1,12,9009
2020,0903539,Regional School District 17,1,1831,-1,12,9007
2020,0903540,Regional School District 18,1,1282,-1,12,9011
2020,0903570,Regional School District 11,1,201,7,12,9015
2020,0903600,Regional School District 01,1,318,4,12,9005
2020,0903630,Regional School District 04,1,828,7,12,9007
2020,0903660,Regional School District 05,1,2164,7,12,9009
2020,0903720,Regional School District 07,1,983,7,12,9005
2020,0903750,Regional School District 08,1,1276,7,12,9013
2020,0903780,Regional School District 09,1,827,9,12,9001
2020,0903810,Ridgefield School District,1,4526,-1,12,9001
2020,0903840,Rocky Hill School District,1,2637,-1,12,9003
2020,0903900,Salem School District,1,384,-1,8,9011
2020,0903930,Salisbury School District,1,310,-1,8,9005
2020,0903960,Scotland School District,1,88,-1,6,9015
2020,0903990,Seymour School District,1,2093,-1,12,9009
2020,0904020,Sharon School District,1,112,-1,8,9005
2020,0904050,Shelton School District,1,4387,-1,12,9001
2020,0904080,Sherman School District,1,250,-1,8,9001
2020,0904110,Simsbury School District,1,3994,-1,12,9003
2020,0904140,Somers School District,1,1301,-1,12,9013
2020,0904170,South Windsor School District,1,4538,-1,12,9003
2020,0904230,Southington School District,1,6152,-1,12,9003
2020,0904260,Sprague School District,1,248,-1,8,9011
2020,0904290,Stafford School District,1,1336,-1,12,9013
2020,0904320,Stamford School District,1,16157,-1,12,9001
2020,0904350,Sterling School District,1,307,-1,8,9015
2020,0904380,Stonington School District,1,1877,-1,12,9011
2020,0904440,Stratford School District,1,6632,-1,12,9001
2020,0904470,Suffield School District,1,2057,-1,12,9003
2020,0904500,Thomaston School District,1,820,-1,12,9005
2020,0904530,Thompson School District,1,954,-1,12,9015
2020,0904560,Tolland School District,1,2267,-1,12,9013
2020,0904590,Torrington School District,1,3636,-1,12,9005
2020,0904620,Trumbull School District,1,6719,-1,12,9001
2020,0904650,Union School District,1,46,-1,8,9013
2020,0904680,Vernon School District,1,3031,-1,12,9013
2020,0904710,Voluntown School District,1,245,-1,8,9011
2020,0904740,Wallingford School District,1,5411,-1,12,9009
2020,0904830,Waterbury School District,1,18374,-1,12,9009
2020,0904860,Waterford School District,1,2347,-1,12,9011
2020,0904890,Watertown School District,1,2617,-1,12,9005
2020,0904920,West Hartford School District,1,9117,-1,12,9003
2020,0904950,West Haven School District,1,5700,-1,12,9009
2020,0904980,Westbrook School District,1,645,-1,12,9007
2020,0905010,Weston School District,1,2267,-1,12,9001
2020,0905040,Westport School District,1,5329,-1,12,9001
2020,0905070,Wethersfield School District,1,3543,-1,12,9003
2020,0905100,Willington School District,1,397,-1,8,9013
2020,0905130,Wilton School District,1,3701,-1,12,9001
2020,0905160,Winchester School District,1,535,-1,6,9005
2020,0905190,Windham School District,1,3223,-1,12,9015
2020,0905220,Windsor School District,1,3278,-1,12,9003
2020,0905250,Windsor Locks School District,1,1520,-1,12,9003
2020,0905280,Wolcott School District,1,2151,-1,12,9009
2020,0905310,Woodbridge School District,1,816,-1,6,9009
2020,0905370,Woodstock School District,1,789,-1,8,9015
2020,0905371,Norwich Free Academy District,1,2112,9,12,9011
2020,0905372,The Gilbert School District,1,452,7,12,9005
2020,0905373,The Woodstock Academy District,1,1043,9,12,9015
2021,0900001,Office of Early Childhood (OEC),5,,,,9003
2021,0900002,Connecticut Technical Education and Career System,5,11474,9,12,9003
2021,0900003,Unified School District #1,5,156,8,12,9003
2021,0900004,Unified School District #2,5,59,6,12,9003
2021,0900005,Regional School District 19,1,1122,9,12,9013
2021,0900007,Jumoke Academy District,7,685,-1,12,9003
2021,0900009,Odyssey Community School District,7,328,0,8,9003
2021,0900010,Integrated Day Charter School District,7,353,-1,8,9011
2021,0900011,Interdistrict School for Arts and Comm District,7,279,6,8,9011
2021,0900014,Common Ground High School District,7,227,9,12,9009
2021,0900015,The Bridge Academy District,7,279,7,12,9001
2021,0900016,Side By Side Charter School District,7,236,-1,8,9001
2021,0900018,Explorations District,7,88,9,12,9005
2021,0900024,Amistad Academy District,7,1115,0,12,9009
2021,0900026,Department of Social Services,5,,,,9003
2021,0900027,Department of Mental Health and Addiction Services,5,2,12,12,9003
2021,0900028,New Beginnings Inc Family Academy District,7,484,-1,8,9001
2021,0900030,Andover School District,1,191,-1,6,9013
2021,0900033,Park City Prep Charter School District,7,361,5,8,9001
2021,0900060,Ansonia School District,1,2247,-1,12,9009
2021,0900070,Area Cooperative Educational Services,9,1819,-1,12,9009
2021,0900090,Ashford School District,1,381,-1,8,9015
2021,0900120,Avon School District,1,3107,-1,12,9003
2021,0900150,Barkhamsted School District,1,207,-1,6,9005
2021,0900207,Highville Charter School District,7,501,-1,12,9009
2021,0900208,Achievement First Bridgeport Academy District,7,1105,0,12,9009
2021,0900210,Berlin School District,1,2642,-1,12,9003
2021,0900212,Achievement First Hartford Academy District,7,1122,0,12,9009
2021,0900214,Elm City College Preparatory School District,7,776,0,12,9009
2021,0900215,Brass City Charter School District,7,360,-1,8,9009
2021,0900216,Elm City Montessori School District,7,282,-1,7,9009
2021,0900217,Booker T. Washington Academy District,7,518,0,8,9009
2021,0900219,Great Oaks Charter School District,7,650,6,12,9001
2021,0900220,Stamford Charter School for Excellence District,7,505,-1,7,9001
2021,0900221,Capital Preparatory Harbor School District,7,793,0,12,9001
2021,0900222,Judicial Centers,8,,10,10,9003
2021,0900223,Shared Services,4,,,,9005
2021,0900224,Project Oceanology,4,,,,9011
2021,0900225,Office of Higher Education,5,,,,9003
2021,0900226,Goodwin University Educational Services (GUES),8,1062,-2,-2,9003
2021,0900227,Department of Aging and Disability Services,5,,,,9003
2021,0900240,Bethany School District,1,388,-1,6,9009
2021,0900270,Bethel School District,1,3149,-1,12,9001
2021,0900330,Bloomfield School District,1,2018,-1,12,9003
2021,0900360,Bolton School District,1,746,-1,12,9013
2021,0900390,Bozrah School District,1,165,-1,12,9011
2021,0900420,Branford School District,1,2617,-1,12,9009
2021,0900450,Bridgeport School District,1,19085,-1,12,9001
2021,0900510,Bristol School District,1,7642,-1,12,9003
2021,0900540,Brookfield School District,1,2588,-1,12,9001
2021,0900570,Brooklyn School District,1,865,-1,12,9015
2021,0900630,Canaan School District,1,74,0,8,9005
2021,0900660,Canterbury School District,1,461,-1,12,9015
2021,0900690,Canton School District,1,1494,-1,12,9003
2021,0900700,Capitol Region Education Council,9,8724,-1,12,9003
2021,0900720,Chaplin School District,1,154,-1,6,9015
2021,0900750,Cheshire School District,1,4184,-1,12,9009
2021,0900780,Chester School District,1,209,0,6,9007
2021,0900810,Clinton School District,1,1542,-1,12,9007
2021,0900840,Colchester School District,1,2216,-1,12,9011
2021,0900870,Colebrook School District,1,77,0,6,9005
2021,0900900,Columbia School District,1,440,-1,12,9013
2021,0900910,Cooperative Educational Services,9,828,-1,12,9001
2021,0900930,Cornwall School District,1,111,-1,8,9005
2021,0900960,Coventry School District,1,1655,-1,12,9013
2021,0900990,Cromwell School District,1,1932,-1,12,9007
2021,0901020,Danbury School District,1,11825,-1,12,9001
2021,0901050,Darien School District,1,4724,-1,12,9001
2021,0901080,Deep River School District,1,204,0,6,9007
2021,0901110,Derby School District,1,1279,-1,12,9009
2021,0901170,East Granby School District,1,818,-1,12,9003
2021,0901200,East Haddam School District,1,968,-1,12,9007
2021,0901230,East Hampton School District,1,1779,-1,12,9007
2021,0901260,East Hartford School District,1,6297,-1,12,9003
2021,0901290,East Haven School District,1,2838,-1,12,9009
2021,0901320,East Lyme School District,1,2638,-1,12,9011
2021,0901350,East Windsor School District,1,1029,-1,12,9003
2021,0901360,Eastern Connecticut Regional Educational Service Center (EAS,9,414,0,12,9015
2021,0901380,Eastford School District,1,142,-1,11,9015
2021,0901410,Easton School District,1,893,-1,8,9001
2021,0901440,Ellington School District,1,2618,-1,12,9013
2021,0901470,Enfield School District,1,4870,-1,12,9003
2021,0901500,Essex School District,1,300,-1,6,9007
2021,0901530,Fairfield School District,1,9297,-1,12,9001
2021,0901560,Farmington School District,1,4100,-1,12,9003
2021,0901590,Franklin School District,1,176,-1,8,9011
2021,0901620,Glastonbury School District,1,5677,-1,12,9003
2021,0901680,Granby School District,1,1753,-1,12,9003
2021,0901710,Greenwich School District,1,8605,-1,12,9001
2021,0901740,Griswold School District,1,1712,-1,12,9011
2021,0901770,Groton School District,1,4086,-1,12,9011
2021,0901800,Guilford School District,1,3106,-1,12,9009
2021,0901860,Hamden School District,1,5385,-1,12,9009
2021,0901890,Hampton School District,1,73,-1,6,9015
2021,0901920,Hartford School District,1,16634,-1,12,9003
2021,0901950,Hartland School District,1,139,-1,8,9003
2021,0902010,Hebron School District,1,679,-1,6,9013
2021,0902040,Kent School District,1,212,-1,8,9005
2021,0902070,Killingly School District,1,2361,-1,12,9015
2021,0902130,Lebanon School District,1,922,-1,12,9011
2021,0902160,Ledyard School District,1,2435,-1,12,9011
2021,0902190,Lisbon School District,1,426,-1,8,9011
2021,0902220,Litchfield School District,1,834,-1,12,9005
2021,0902280,Madison School District,1,2437,-1,12,9009
2021,0902310,Manchester School District,1,6154,-1,12,9003
2021,0902340,Mansfield School District,1,996,-1,8,9013
2021,0902370,Marlborough School District,1,447,-1,6,9003
2021,0902400,Meriden School District,1,8471,-1,12,9009
2021,0902490,Middletown School District,1,4387,-1,12,9007
2021,0902520,Milford School District,1,5364,-1,12,9009
2021,0902550,Monroe School District,1,3332,-1,12,9001
2021,0902580,Montville School District,1,1977,-1,12,9011
2021,0902640,Naugatuck School District,1,4295,-1,12,9009
2021,0902670,New Britain School District,1,9679,-1,12,9003
2021,0902700,New Canaan School District,1,4125,-1,12,9001
2021,0902730,New Fairfield School District,1,2119,-1,12,9001
2021,0902760,New Hartford School District,1,428,-1,6,9005
2021,0902790,New Haven School District,1,19216,-1,12,9009
2021,0902820,New London School District,1,3086,-1,12,9011
2021,0902850,New Milford School District,1,3677,-1,12,9005
2021,0902880,Newington School District,1,3900,-1,12,9003
2021,0902910,Newtown School District,1,4030,-1,12,9001
2021,0902940,Norfolk School District,1,70,-1,6,9005
2021,0902970,North Branford School District,1,1576,-1,12,9009
2021,0903000,North Canaan School District,1,234,-1,8,9005
2021,0903030,North Haven School District,1,3145,-1,12,9009
2021,0903060,North Stonington School District,1,767,-1,12,9011
2021,0903090,Norwalk School District,1,11405,-1,12,9001
2021,0903120,Norwich School District,1,3219,-1,12,9011
2021,0903180,Old Saybrook School District,1,1085,-1,12,9007
2021,0903210,Orange School District,1,1256,-1,6,9009
2021,0903240,Oxford School District,1,1693,-1,12,9009
2021,0903270,Plainfield School District,1,1976,-1,12,9015
2021,0903300,Plainville School District,1,2274,-1,12,9003
2021,0903330,Plymouth School District,1,1298,-1,12,9005
2021,0903360,Pomfret School District,1,359,-1,12,9015
2021,0903390,Portland School District,1,1231,-1,12,9007
2021,0903420,Preston School District,1,423,-1,12,9011
2021,0903450,Learn,9,1412,-1,12,9011
2021,0903480,Putnam School District,1,1126,-1,12,9015
2021,0903510,Redding School District,1,827,-1,8,9001
2021,0903512,EdAdvance,4,254,2,12,9005
2021,0903515,Regional School District 06,1,882,-1,12,9005
2021,0903520,Regional School District 10,1,2153,-1,12,9003
2021,0903530,Regional School District 12,1,762,-1,12,9005
2021,0903535,Regional School District 13,1,1363,-1,12,9007
2021,0903536,Regional School District 14,1,1588,-1,12,9005
2021,0903537,Regional School District 15,1,3516,-1,12,9009
2021,0903538,Regional School District 16,1,1964,-1,12,9009
2021,0903539,Regional School District 17,1,1772,-1,12,9007
2021,0903540,Regional School District 18,1,1296,-1,12,9011
2021,0903570,Regional School District 11,1,207,7,12,9015
2021,0903600,Regional School District 01,1,342,3,12,9005
2021,0903630,Regional School District 04,1,804,7,12,9007
2021,0903660,Regional School District 05,1,2124,7,12,9009
2021,0903720,Regional School District 07,1,907,7,12,9005
2021,0903750,Regional School District 08,1,1198,7,12,9013
2021,0903780,Regional School District 09,1,813,9,12,9001
2021,0903810,Ridgefield School District,1,4549,-1,12,9001
2021,0903840,Rocky Hill School District,1,2532,-1,12,9003
2021,0903900,Salem School District,1,386,-1,12,9011
2021,0903930,Salisbury School District,1,303,-1,8,9005
2021,0903960,Scotland School District,1,101,-1,6,9015
2021,0903990,Seymour School District,1,2058,-1,12,9009
2021,0904020,Sharon School District,1,96,0,8,9005
2021,0904050,Shelton School District,1,4403,-1,12,9001
2021,0904080,Sherman School District,1,261,-1,11,9001
2021,0904110,Simsbury School District,1,4065,-1,12,9003
2021,0904140,Somers School District,1,1339,-1,12,9013
2021,0904170,South Windsor School District,1,4753,-1,12,9003
2021,0904230,Southington School District,1,6227,-1,12,9003
2021,0904260,Sprague School District,1,279,-1,12,9011
2021,0904290,Stafford School District,1,1375,-1,12,9013
2021,0904320,Stamford School District,1,15962,-1,12,9001
2021,0904350,Sterling School District,1,329,-1,12,9015
2021,0904380,Stonington School District,1,1806,-1,12,9011
2021,0904440,Stratford School District,1,6780,-1,12,9001
2021,0904470,Suffield School District,1,2031,-1,12,9003
2021,0904500,Thomaston School District,1,839,-1,12,9005
2021,0904530,Thompson School District,1,937,-1,12,9015
2021,0904560,Tolland School District,1,2214,-1,12,9013
2021,0904590,Torrington School District,1,3825,-1,12,9005
2021,0904620,Trumbull School District,1,6868,-1,12,9001
2021,0904650,Union School District,1,41,-1,8,9013
2021,0904680,Vernon School District,1,3169,-1,12,9013
2021,0904710,Voluntown School District,1,246,-1,12,9011
2021,0904740,Wallingford School District,1,5304,-1,12,9009
2021,0904830,Waterbury School District,1,18610,-1,12,9009
2021,0904860,Waterford School District,1,2324,-1,12,9011
2021,0904890,Watertown School District,1,2579,-1,12,9005
2021,0904920,West Hartford School District,1,9098,-1,12,9003
2021,0904950,West Haven School District,1,5756,-1,12,9009
2021,0904980,Westbrook School District,1,628,-1,12,9007
2021,0905010,Weston School District,1,2226,-1,12,9001
2021,0905040,Westport School District,1,5303,-1,12,9001
2021,0905070,Wethersfield School District,1,3592,-1,12,9003
2021,0905100,Willington School District,1,385,-1,8,9013
2021,0905130,Wilton School District,1,3734,-1,12,9001
2021,0905160,Winchester School District,1,559,-1,12,9005
2021,0905190,Windham School District,1,3194,-1,12,9015
2021,0905220,Windsor School District,1,3244,-1,12,9003
2021,0905250,Windsor Locks School District,1,1510,-1,12,9003
2021,0905280,Wolcott School District,1,2153,-1,12,9009
2021,0905310,Woodbridge School District,1,845,-1,6,9009
2021,0905370,Woodstock School District,1,790,-1,12,9015
2021,0905371,Norwich Free Academy District,1,2078,9,12,9011
2021,0905372,The Gilbert School District,1,438,7,12,9005
2021,0905373,The Woodstock Academy District,1,1055,9,12,9015
2022,0900001,Office of Early Childhood (OEC),5,,-1,-1,9110
2022,0900002,Connecticut Technical Education and Career System,5,11183,9,12,9110
2022,0900003,Unified School District #1,5,124,9,12,9110
2022,0900004,Unified School District #2,5,72,6,12,9110
2022,0900005,Regional School District 19,1,1126,9,12,9110
2022,0900007,Jumoke Academy District,7,629,-1,12,9110
2022,0900009,Odyssey Community School District,7,374,-1,8,9110
2022,0900010,Integrated Day Charter School District,7,361,-1,8,9180
2022,0900011,Interdistrict School for Arts and Comm District,7,281,6,8,9180
2022,0900014,Common Ground High School District,7,226,9,12,9170
2022,0900015,The Bridge Academy District,7,280,7,12,9120
2022,0900016,Side By Side Charter School District,7,236,-1,8,9190
2022,0900018,Explorations District,7,93,9,12,9160
2022,0900024,Amistad Academy District,7,1116,0,12,9170
2022,0900026,Department of Social Services,5,,,,9110
2022,0900027,Department of Mental Health and Addiction Services,5,2,9,12,9110
2022,0900028,New Beginnings Inc Family Academy District,7,406,-1,8,9120
2022,0900030,Andover School District,1,197,-1,6,9110
2022,0900033,Park City Prep Charter School District,7,383,4,8,9120
2022,0900060,Ansonia School District,1,2332,-1,12,9140
2022,0900070,Area Cooperative Educational Services,9,1740,-1,12,9170
2022,0900090,Ashford School District,1,368,-1,8,9150
2022,0900120,Avon School District,1,3106,-1,12,9110
2022,0900150,Barkhamsted School District,1,209,-1,6,9160
2022,0900207,Highville Charter School District,7,505,-1,12,9170
2022,0900208,Achievement First Bridgeport Academy District,7,1084,0,12,9170
2022,0900210,Berlin School District,1,2682,-1,12,9110
2022,0900212,Achievement First Hartford Academy District,7,1041,0,12,9170
2022,0900214,Elm City College Preparatory School District,7,783,0,12,9170
2022,0900215,Brass City Charter School District,7,360,-1,8,9140
2022,0900216,Elm City Montessori School District,7,298,-1,8,9170
2022,0900217,Booker T. Washington Academy District,7,444,0,8,9170
2022,0900219,Great Oaks Charter School District,7,664,6,12,9120
2022,0900220,Stamford Charter School for Excellence District,7,561,-1,8,9190
2022,0900221,Capital Preparatory Harbor School District,7,772,0,12,9120
2022,0900222,Judicial Centers,5,,5,12,9110
2022,0900223,Shared Services,4,,,,9160
2022,0900224,Project Oceanology,4,,,,9180
2022,0900225,Office of Higher Education,5,,,,9110
2022,0900226,Goodwin University Educational Services (GUES),9,1140,-1,12,9110
2022,0900227,Department of Aging and Disability Services,5,,,,9110
2022,0900240,Bethany School District,1,429,-1,6,9170
2022,0900270,Bethel School District,1,3223,-1,12,9190
2022,0900330,Bloomfield School District,1,2055,-1,12,9110
2022,0900360,Bolton School District,1,734,-1,12,9110
2022,0900390,Bozrah School District,1,170,-1,12,9180
2022,0900420,Branford School District,1,2651,-1,12,9170
2022,0900450,Bridgeport School District,1,19337,-1,12,9120
2022,0900510,Bristol School District,1,7784,-1,12,9140
2022,0900540,Brookfield School District,1,2563,-1,12,9190
2022,0900570,Brooklyn School District,1,903,-1,12,9150
2022,0900630,Canaan School District,1,72,0,8,9160
2022,0900660,Canterbury School District,1,474,-1,12,9150
2022,0900690,Canton School District,1,1528,-1,12,9110
2022,0900700,Capitol Region Education Council,9,8942,-1,12,9110
2022,0900720,Chaplin School District,1,144,-1,6,9150
2022,0900750,Cheshire School District,1,4208,-1,12,9140
2022,0900780,Chester School District,1,222,0,6,9130
2022,0900810,Clinton School District,1,1497,-1,12,9130
2022,0900840,Colchester School District,1,2235,-1,12,9180
2022,0900870,Colebrook School District,1,72,0,6,9160
2022,0900900,Columbia School District,1,464,-1,12,9110
2022,0900910,Cooperative Educational Services,9,822,-1,12,9120
2022,0900930,Cornwall School District,1,94,-1,8,9160
2022,0900960,Coventry School District,1,1657,-1,12,9110
2022,0900990,Cromwell School District,1,1947,-1,12,9130
2022,0901020,Danbury School District,1,12109,-1,12,9190
2022,0901050,Darien School District,1,4700,-1,12,9190
2022,0901080,Deep River School District,1,192,0,6,9130
2022,0901110,Derby School District,1,1317,-1,12,9140
2022,0901170,East Granby School District,1,864,-1,12,9110
2022,0901200,East Haddam School District,1,990,-1,12,9130
2022,0901230,East Hampton School District,1,1770,-1,12,9130
2022,0901260,East Hartford School District,1,6392,-1,12,9110
2022,0901290,East Haven School District,1,2885,-1,12,9170
2022,0901320,East Lyme School District,1,2617,-1,12,9180
2022,0901350,East Windsor School District,1,1030,-1,12,9110
2022,0901360,Eastern Connecticut Regional Educational Service Center (EAS,9,404,1,12,9150
2022,0901380,Eastford School District,1,154,-1,12,9150
2022,0901410,Easton School District,1,903,-1,8,9120
2022,0901440,Ellington School District,1,2586,-1,12,9110
2022,0901470,Enfield School District,1,4913,-1,12,9110
2022,0901500,Essex School District,1,301,-1,6,9130
2022,0901530,Fairfield School District,1,9379,-1,12,9120
2022,0901560,Farmington School District,1,4147,-1,12,9110
2022,0901590,Franklin School District,1,187,-1,8,9180
2022,0901620,Glastonbury School District,1,5663,-1,12,9110
2022,0901680,Granby School District,1,1738,-1,12,9110
2022,0901710,Greenwich School District,1,8560,-1,12,9190
2022,0901740,Griswold School District,1,1725,-1,12,9180
2022,0901770,Groton School District,1,4104,-1,12,9180
2022,0901800,Guilford School District,1,3155,-1,12,9170
2022,0901860,Hamden School District,1,5468,-1,12,9170
2022,0901890,Hampton School District,1,67,-1,6,9150
2022,0901920,Hartford School District,1,16774,-1,12,9110
2022,0901950,Hartland School District,1,116,-1,8,9160
2022,0902010,Hebron School District,1,696,-1,6,9110
2022,0902040,Kent School District,1,194,-1,8,9160
2022,0902070,Killingly School District,1,2450,-1,12,9150
2022,0902130,Lebanon School District,1,958,-1,12,9180
2022,0902160,Ledyard School District,1,2421,-1,12,9180
2022,0902190,Lisbon School District,1,437,-1,12,9180
2022,0902220,Litchfield School District,1,813,-1,12,9160
2022,0902280,Madison School District,1,2444,-1,12,9170
2022,0902310,Manchester School District,1,6192,-1,12,9110
2022,0902340,Mansfield School District,1,1027,-1,8,9110
2022,0902370,Marlborough School District,1,456,-1,6,9110
2022,0902400,Meriden School District,1,8630,-1,12,9170
2022,0902490,Middletown School District,1,4414,-1,12,9130
2022,0902520,Milford School District,1,5382,-1,12,9170
2022,0902550,Monroe School District,1,3398,-1,12,9120
2022,0902580,Montville School District,1,2017,-1,12,9180
2022,0902640,Naugatuck School District,1,4337,-1,12,9140
2022,0902670,New Britain School District,1,9717,-1,12,9110
2022,0902700,New Canaan School District,1,4168,-1,12,9190
2022,0902730,New Fairfield School District,1,2143,-1,12,9190
2022,0902760,New Hartford School District,1,443,-1,6,9160
2022,0902790,New Haven School District,1,19150,-1,12,9170
2022,0902820,New London School District,1,2948,-1,12,9180
2022,0902850,New Milford School District,1,3683,-1,12,9190
2022,0902880,Newington School District,1,3937,-1,12,9110
2022,0902910,Newtown School District,1,4003,-1,12,9190
2022,0902940,Norfolk School District,1,66,-1,6,9160
2022,0902970,North Branford School District,1,1538,-1,12,9170
2022,0903000,North Canaan School District,1,238,-1,8,9160
2022,0903030,North Haven School District,1,3187,-1,12,9170
2022,0903060,North Stonington School District,1,759,-1,12,9180
2022,0903090,Norwalk School District,1,11514,-1,12,9190
2022,0903120,Norwich School District,1,3348,-1,12,9180
2022,0903180,Old Saybrook School District,1,1070,-1,12,9130
2022,0903210,Orange School District,1,1281,-1,6,9170
2022,0903240,Oxford School District,1,1717,-1,12,9140
2022,0903270,Plainfield School District,1,1944,-1,12,9150
2022,0903300,Plainville School District,1,2291,-1,12,9110
2022,0903330,Plymouth School District,1,1306,-1,12,9140
2022,0903360,Pomfret School District,1,370,-1,8,9150
2022,0903390,Portland School District,1,1240,-1,12,9130
2022,0903420,Preston School District,1,440,-1,11,9180
2022,0903450,Learn,9,1410,-1,12,9130
2022,0903480,Putnam School District,1,1185,-1,12,9150
2022,0903510,Redding School District,1,832,-1,8,9120
2022,0903512,EdAdvance,9,277,1,12,9160
2022,0903515,Regional School District 06,1,853,-1,12,9160
2022,0903520,Regional School District 10,1,2147,-1,12,9160
2022,0903530,Regional School District 12,1,804,-1,12,9160
2022,0903535,Regional School District 13,1,1365,-1,12,9130
2022,0903536,Regional School District 14,1,1617,-1,12,9140
2022,0903537,Regional School District 15,1,3469,-1,12,9140
2022,0903538,Regional School District 16,1,1958,-1,12,9140
2022,0903539,Regional School District 17,1,1814,-1,12,9130
2022,0903540,Regional School District 18,1,1288,-1,12,9130
2022,0903570,Regional School District 11,1,225,7,12,9150
2022,0903600,Regional School District 01,1,326,4,12,9160
2022,0903630,Regional School District 04,1,751,6,12,9130
2022,0903660,Regional School District 05,1,2075,7,12,9170
2022,0903720,Regional School District 07,1,890,7,12,9160
2022,0903750,Regional School District 08,1,1206,7,12,9110
2022,0903780,Regional School District 09,1,779,9,12,9120
2022,0903810,Ridgefield School District,1,4568,-1,12,9190
2022,0903840,Rocky Hill School District,1,2550,-1,12,9110
2022,0903900,Salem School District,1,401,-1,12,9180
2022,0903930,Salisbury School District,1,296,-1,8,9160
2022,0903960,Scotland School District,1,97,-1,6,9150
2022,0903990,Seymour School District,1,2133,-1,12,9140
2022,0904020,Sharon School District,1,97,0,8,9160
2022,0904050,Shelton School District,1,4512,-1,12,9140
2022,0904080,Sherman School District,1,265,-1,12,9190
2022,0904110,Simsbury School District,1,4125,-1,12,9110
2022,0904140,Somers School District,1,1345,-1,12,9110
2022,0904170,South Windsor School District,1,4877,-1,12,9110
2022,0904230,Southington School District,1,6284,-1,12,9110
2022,0904260,Sprague School District,1,276,-1,12,9180
2022,0904290,Stafford School District,1,1401,-1,12,9110
2022,0904320,Stamford School District,1,16158,-1,12,9190
2022,0904350,Sterling School District,1,323,-1,12,9150
2022,0904380,Stonington School District,1,1800,-1,12,9180
2022,0904440,Stratford School District,1,6762,-1,12,9120
2022,0904470,Suffield School District,1,2041,-1,12,9110
2022,0904500,Thomaston School District,1,820,-1,12,9140
2022,0904530,Thompson School District,1,927,-1,12,9150
2022,0904560,Tolland School District,1,2302,-1,12,9110
2022,0904590,Torrington School District,1,3883,-1,12,9160
2022,0904620,Trumbull School District,1,6920,-1,12,9120
2022,0904650,Union School District,1,53,-1,8,9150
2022,0904680,Vernon School District,1,3148,-1,12,9110
2022,0904710,Voluntown School District,1,250,-1,12,9150
2022,0904740,Wallingford School District,1,5335,-1,12,9170
2022,0904830,Waterbury School District,1,18701,-1,12,9140
2022,0904860,Waterford School District,1,2338,-1,12,9180
2022,0904890,Watertown School District,1,2598,-1,12,9140
2022,0904920,West Hartford School District,1,9231,-1,12,9110
2022,0904950,West Haven School District,1,5976,-1,12,9170
2022,0904980,Westbrook School District,1,617,-1,12,9130
2022,0905010,Weston School District,1,2197,-1,12,9190
2022,0905040,Westport School District,1,5387,-1,12,9190
2022,0905070,Wethersfield School District,1,3646,-1,12,9110
2022,0905100,Willington School District,1,398,-1,8,9110
2022,0905130,Wilton School District,1,3788,-1,12,9190
2022,0905160,Winchester School District,1,606,-1,12,9160
2022,0905190,Windham School District,1,3224,-1,12,9180
2022,0905220,Windsor School District,1,3337,-1,12,9110
2022,0905250,Windsor Locks School District,1,1549,-1,12,9110
2022,0905280,Wolcott School District,1,2139,-1,12,9140
2022,0905310,Woodbridge School District,1,848,-1,6,9170
2022,0905370,Woodstock School District,1,774,-1,8,9150
2022,0905371,Norwich Free Academy District,1,2106,9,12,9180
2022,0905372,The Gilbert School District,1,410,7,12,9160
2022,0905373,The Woodstock Academy District,1,1041,9,12,9150
2022,0905374,Regional School District 20,1,,,,9160
2023,0900001,Office of Early Childhood (OEC),5,,-2,-2,9110
2023,0900002,Connecticut Technical Education and Career System,5,11194,9,12,9110
2023,0900003,Unified School District #1,5,144,9,12,9110
2023,0900004,Unified School District #2,5,69,7,12,9110
2023,0900005,Regional School District 19,1,1084,9,12,9110
2023,0900007,Jumoke Academy District,7,619,-1,12,9110
2023,0900009,Odyssey Community School District,7,370,-1,8,9110
2023,0900010,Integrated Day Charter School District,7,362,-1,8,9180
2023,0900011,Interdistrict School for Arts and Comm District,7,279,6,8,9180
2023,0900014,Common Ground High School District,7,223,9,12,9170
2023,0900015,The Bridge Academy District,7,281,7,12,9120
2023,0900016,Side By Side Charter School District,7,236,-1,8,9190
2023,0900018,Explorations District,7,88,9,12,9160
2023,0900024,Amistad Academy District,7,1125,0,12,9170
2023,0900026,Department of Social Services,5,,-2,-2,9110
2023,0900027,Department of Mental Health and Addiction Services,5,3,9,12,9110
2023,0900028,New Beginnings Inc Family Academy District,7,392,-1,8,9120
2023,0900030,Andover School District,1,205,-1,6,9110
2023,0900033,Park City Prep Charter School District,7,403,4,8,9120
2023,0900060,Ansonia School District,1,2397,-1,12,9140
2023,0900070,Area Cooperative Educational Services,9,1719,-1,12,9170
2023,0900090,Ashford School District,1,355,-1,8,9150
2023,0900120,Avon School District,1,3125,-1,12,9110
2023,0900150,Barkhamsted School District,1,218,-1,6,9160
2023,0900207,Highville Charter School District,7,504,-1,12,9170
2023,0900208,Achievement First Bridgeport Academy District,7,1098,0,12,9170
2023,0900210,Berlin School District,1,2661,-1,12,9110
2023,0900212,Achievement First Hartford Academy District,7,961,0,12,9170
2023,0900214,Elm City College Preparatory School District,7,775,0,12,9170
2023,0900215,Brass City Charter School District,7,363,-1,8,9140
2023,0900216,Elm City Montessori School District,7,305,-1,8,9170
2023,0900217,Booker T. Washington Academy District,7,384,0,8,9170
2023,0900219,Great Oaks Charter School District,7,659,6,12,9120
2023,0900220,Stamford Charter School for Excellence District,7,540,-1,8,9190
2023,0900221,Capital Preparatory Harbor School District,7,781,0,12,9120
2023,0900222,Judicial Centers,5,0,5,12,9110
2023,0900223,Shared Services,4,,-2,-2,9160
2023,0900224,Project Oceanology,4,,-2,-2,9180
2023,0900225,Office of Higher Education,5,,-2,-2,9110
2023,0900226,Goodwin University Educational Services (GUES),9,1214,-1,12,9110
2023,0900227,Department of Aging and Disability Services,5,,-2,-2,9110
2023,0900240,Bethany School District,1,445,-1,6,9170
2023,0900270,Bethel School District,1,3249,-1,12,9190
2023,0900330,Bloomfield School District,1,1982,-1,12,9110
2023,0900360,Bolton School District,1,699,-1,12,9110
2023,0900390,Bozrah School District,1,170,-1,10,9180
2023,0900420,Branford School District,1,2625,-1,12,9170
2023,0900450,Bridgeport School District,1,19591,-1,12,9120
2023,0900510,Bristol School District,1,7774,-1,12,9140
2023,0900540,Brookfield School District,1,2582,-1,12,9190
2023,0900570,Brooklyn School District,1,885,-1,12,9150
2023,0900630,Canaan School District,1,80,0,8,9160
2023,0900660,Canterbury School District,1,486,-1,12,9150
2023,0900690,Canton School District,1,1506,-1,12,9110
2023,0900700,Capitol Region Education Council,9,8916,-1,12,9110
2023,0900720,Chaplin School District,1,154,-1,6,9150
2023,0900750,Cheshire School District,1,4224,-1,12,9140
2023,0900780,Chester School District,1,207,-1,6,9130
2023,0900810,Clinton School District,1,1457,-1,12,9130
2023,0900840,Colchester School District,1,2161,-1,12,9180
2023,0900870,Colebrook School District,1,66,0,6,9160
2023,0900900,Columbia School District,1,477,-1,10,9110
2023,0900910,Cooperative Educational Services,9,808,-1,12,9120
2023,0900930,Cornwall School District,1,97,-1,8,9160
2023,0900960,Coventry School District,1,1633,-1,12,9110
2023,0900990,Cromwell School District,1,1904,-1,12,9130
2023,0901020,Danbury School District,1,12126,-1,12,9190
2023,0901050,Darien School District,1,4681,-1,12,9190
2023,0901080,Deep River School District,1,195,-1,6,9130
2023,0901110,Derby School District,1,1345,-1,12,9140
2023,0901170,East Granby School District,1,825,-1,12,9110
2023,0901200,East Haddam School District,1,999,-1,12,9130
2023,0901230,East Hampton School District,1,1742,-1,12,9130
2023,0901260,East Hartford School District,1,6410,-1,12,9110
2023,0901290,East Haven School District,1,2903,-1,12,9170
2023,0901320,East Lyme School District,1,2506,-1,12,9180
2023,0901350,East Windsor School District,1,1052,-1,12,9110
2023,0901360,Eastern Connecticut Regional Educational Service Center (EAS,9,368,1,12,9150
2023,0901380,Eastford School District,1,174,-1,12,9150
2023,0901410,Easton School District,1,904,-1,8,9120
2023,0901440,Ellington School District,1,2547,-1,12,9110
2023,0901470,Enfield School District,1,4826,-1,12,9110
2023,0901500,Essex School District,1,300,-1,6,9130
2023,0901530,Fairfield School District,1,9355,-1,12,9120
2023,0901560,Farmington School District,1,4194,-1,12,9110
2023,0901590,Franklin School District,1,192,-1,8,9180
2023,0901620,Glastonbury School District,1,5674,-1,12,9110
2023,0901680,Granby School District,1,1742,-1,12,9110
2023,0901710,Greenwich School District,1,8589,-1,12,9190
2023,0901740,Griswold School District,1,1775,-1,12,9180
2023,0901770,Groton School District,1,4099,-1,12,9180
2023,0901800,Guilford School District,1,3130,-1,12,9170
2023,0901860,Hamden School District,1,5455,-1,12,9170
2023,0901890,Hampton School District,1,74,-1,6,9150
2023,0901920,Hartford School District,1,16839,-1,12,9110
2023,0901950,Hartland School District,1,109,-1,8,9160
2023,0902010,Hebron School District,1,701,-1,6,9110
2023,0902040,Kent School District,1,191,-1,8,9160
2023,0902070,Killingly School District,1,2423,-1,12,9150
2023,0902130,Lebanon School District,1,985,-1,12,9180
2023,0902160,Ledyard School District,1,2445,-1,12,9180
2023,0902190,Lisbon School District,1,442,-1,12,9180
2023,0902220,Litchfield School District,1,822,-1,12,9160
2023,0902280,Madison School District,1,2434,-1,12,9170
2023,0902310,Manchester School District,1,6167,-1,12,9110
2023,0902340,Mansfield School District,1,1002,-1,8,9110
2023,0902370,Marlborough School District,1,445,-1,6,9110
2023,0902400,Meriden School District,1,8789,-1,12,9170
2023,0902490,Middletown School District,1,4378,-1,12,9130
2023,0902520,Milford School District,1,5327,-1,12,9170
2023,0902550,Monroe School District,1,3470,-1,12,9120
2023,0902580,Montville School District,1,2021,-1,12,9180
2023,0902640,Naugatuck School District,1,4231,-1,12,9140
2023,0902670,New Britain School District,1,9900,-1,12,9110
2023,0902700,New Canaan School District,1,4109,-1,12,9190
2023,0902730,New Fairfield School District,1,2154,-1,12,9190
2023,0902760,New Hartford School District,1,455,-1,6,9160
2023,0902790,New Haven School District,1,18966,-1,12,9170
2023,0902820,New London School District,1,2922,-1,12,9180
2023,0902850,New Milford School District,1,3602,-1,12,9190
2023,0902880,Newington School District,1,3893,-1,12,9110
2023,0902910,Newtown School District,1,3951,-1,12,9190
2023,0902940,Norfolk School District,1,56,-1,6,9160
2023,0902970,North Branford School District,1,1541,-1,12,9170
2023,0903000,North Canaan School District,1,244,-1,8,9160
2023,0903030,North Haven School District,1,3236,-1,12,9170
2023,0903060,North Stonington School District,1,741,-1,12,9180
2023,0903090,Norwalk School District,1,11520,-1,12,9190
2023,0903120,Norwich School District,1,3336,-1,12,9180
2023,0903180,Old Saybrook School District,1,1030,-1,12,9130
2023,0903210,Orange School District,1,1281,-1,6,9170
2023,0903240,Oxford School District,1,1667,-1,12,9140
2023,0903270,Plainfield School District,1,1895,-1,12,9150
2023,0903300,Plainville School District,1,2255,-1,12,9110
2023,0903330,Plymouth School District,1,1279,-1,12,9140
2023,0903360,Pomfret School District,1,349,-1,8,9150
2023,0903390,Portland School District,1,1243,-1,12,9130
2023,0903420,Preston School District,1,450,-1,12,9180
2023,0903450,Learn,9,1396,-1,12,9130
2023,0903480,Putnam School District,1,1181,-1,12,9150
2023,0903510,Redding School District,1,865,-1,8,9120
2023,0903512,EdAdvance,9,288,-1,12,9160
2023,0903515,Regional School District 06,1,848,-1,12,9160
2023,0903520,Regional School District 10,1,2121,-1,12,9160
2023,0903530,Regional School District 12,1,797,-1,12,9160
2023,0903535,Regional School District 13,1,1350,-1,12,9130
2023,0903536,Regional School District 14,1,1581,-1,12,9140
2023,0903537,Regional School District 15,1,3435,-1,12,9140
2023,0903538,Regional School District 16,1,1931,-1,12,9140
2023,0903539,Regional School District 17,1,1770,-1,12,9130
2023,0903540,Regional School District 18,1,1292,-1,12,9130
2023,0903570,Regional School District 11,1,212,7,12,9150
2023,0903600,Regional School District 01,1,314,5,12,9160
2023,0903630,Regional School District 04,1,723,6,12,9130
2023,0903660,Regional School District 05,1,2112,7,12,9170
2023,0903720,Regional School District 07,1,831,7,12,9160
2023,0903750,Regional School District 08,1,1162,7,12,9110
2023,0903780,Regional School District 09,1,749,9,12,9120
2023,0903810,Ridgefield School District,1,4474,-1,12,9190
2023,0903840,Rocky Hill School District,1,2530,-1,12,9110
2023,0903900,Salem School District,1,386,-1,12,9180
2023,0903930,Salisbury School District,1,303,-1,8,9160
2023,0903960,Scotland School District,1,103,-1,6,9150
2023,0903990,Seymour School District,1,2101,-1,12,9140
2023,0904020,Sharon School District,1,106,-1,8,9160
2023,0904050,Shelton School District,1,4513,-1,12,9140
2023,0904080,Sherman School District,1,246,-1,12,9190
2023,0904110,Simsbury School District,1,4165,-1,12,9110
2023,0904140,Somers School District,1,1357,-1,12,9110
2023,0904170,South Windsor School District,1,5022,-1,12,9110
2023,0904230,Southington School District,1,6242,-1,12,9110
2023,0904260,Sprague School District,1,291,-1,12,9180
2023,0904290,Stafford School District,1,1318,-1,12,9110
2023,0904320,Stamford School District,1,16339,-1,12,9190
2023,0904350,Sterling School District,1,328,-1,12,9150
2023,0904380,Stonington School District,1,1762,-1,12,9180
2023,0904440,Stratford School District,1,6743,-1,12,9120
2023,0904470,Suffield School District,1,2038,-1,12,9110
2023,0904500,Thomaston School District,1,776,-1,12,9140
2023,0904530,Thompson School District,1,885,-1,12,9150
2023,0904560,Tolland School District,1,2210,-1,12,9110
2023,0904590,Torrington School District,1,3945,-1,12,9160
2023,0904620,Trumbull School District,1,6940,-1,12,9120
2023,0904650,Union School District,1,51,-1,8,9150
2023,0904680,Vernon School District,1,3226,-1,12,9110
2023,0904710,Voluntown School District,1,236,-1,11,9150
2023,0904740,Wallingford School District,1,5292,-1,12,9170
2023,0904830,Waterbury School District,1,18956,-1,12,9140
2023,0904860,Waterford School District,1,2341,-1,12,9180
2023,0904890,Watertown School District,1,2578,-1,12,9140
2023,0904920,West Hartford School District,1,9261,-1,12,9110
2023,0904950,West Haven School District,1,5998,-1,12,9170
2023,0904980,Westbrook School District,1,597,-1,12,9130
2023,0905010,Weston School District,1,2168,-1,12,9190
2023,0905040,Westport School District,1,5333,-1,12,9190
2023,0905070,Wethersfield School District,1,3584,-1,12,9110
2023,0905100,Willington School District,1,394,-1,8,9110
2023,0905130,Wilton School District,1,3809,-1,12,9190
2023,0905160,Winchester School District,1,619,-1,12,9160
2023,0905190,Windham School District,1,3226,-1,12,9180
2023,0905220,Windsor School District,1,3342,-1,12,9110
2023,0905250,Windsor Locks School District,1,1487,-1,12,9110
2023,0905280,Wolcott School District,1,2132,-1,12,9140
2023,0905310,Woodbridge School District,1,882,-1,6,9170
2023,0905370,Woodstock School District,1,775,-1,12,9150
2023,0905371,Norwich Free Academy District,1,2071,9,12,9180
2023,0905372,The Gilbert School District,1,447,7,12,9160
2023,0905373,The Woodstock Academy District,1,974,9,12,9150
2023,0905374,Regional School District 20,1,,,,9160
2023,0905375,Edmonds Cofield Preparatory Academy for Young Men Inc. Distr,7,,,,9170
