"Total Expenditures Used for Special Education, 2014-15"
"All Districts"

"","_","_","_","_","_","_","_","_","_","_","_"
"Organization","Certified Personnel","Noncertified Personnel","Employee Benefits","Purchased Services","Tuition to Other Schools","Instructional Supplies","Property Services","Transportation","Equipment","Other Expenditures","Total Expenditures"
"Andover School District",324207,169899,89534,112695,50457,5037,0,28187,590,0,780606
="Ansonia School District",1862103,624312,449242,1021149,4120043,11384,350,1393080,9134,0,9503055
="Ashford School District",538219,379999,143547,156135,349950,3514,9159,99658,0,6835,1687016
="Avon School District",3617825,1813684,1322181,333407,2444892,21298,82076,783006,10319,860,10484831
="Barkhamsted School District",58247,19827,28009,643838,91916,992,0,53566,870,0,897265
="Berlin School District",4099197,1483362,771936,279039,1699644,39849,0,742424,22630,17991,9156072
="Bethany School District",776610,313654,137069,147693,0,31621,0,64900,37622,403,1514112
="Bethel School District",4119461,1807611,1817630,136517,1576129,27968,196,830139,37564,1218,10364257
="Bloomfield School District",2589292,1104981,957896,57687,1675045,11251,0,360282,3376,745,6762272
="Bolton School District",953343,573143,577323,71137,693884,43787,0,214931,377,609,3128534
="Bozrah School District",490220,167084,56837,75569,573225,2496,0,98221,4710,50,1468777
="Branford School District",3854432,1441329,1641686,547180,2616402,56953,0,625523,105639,3680,10903484
="Bridgeport School District",23436119,10543711,9206212,1984144,20534295,181209,0,10038338,5101,0,75946399
="Bristol School District",8641306,2704090,3651561,980082,7285338,60050,0,4137532,75368,1004,27551661
="Brookfield School District",3118087,1437753,1379890,353096,1435682,25678,355,329057,4180,241,8087134
="Brooklyn School District",869627,484421,377344,163119,1540291,22538,0,307455,4741,0,3777237
="Canaan School District",150064,42858,70943,6477,213,1757,0,25369,776,0,298457
="Canterbury School District",622100,550288,246263,519200,1202153,5874,3113,35808,8108,644,3193551
="Canton School District",1876299,664591,798074,292899,884894,32237,0,509950,3467,3763,5066174
="Chaplin School District",310081,90730,101699,68077,64764,2891,0,22670,1036,445,662393
="Cheshire School District",6591883,3210690,2248773,764883,2475562,89435,57412,753613,9478,1315,16321821
="Chester School District",451408,231251,180033,34248,18562,9386,1482,37107,0,34,963511
="Clinton School District",3163457,1023246,1224725,403747,1047569,25322,0,652745,0,909,7551571
="Colchester School District",3418781,1338177,1343656,199712,1983842,22807,0,1000297,0,0,9326437
="Colebrook School District",66097,18911,2939,137537,73993,887,0,36861,0,26632,364712
="Columbia School District",902012,386964,291594,97558,1106096,19926,6352,233705,32919,402,3077528
="Cornwall School District",177517,64576,92363,7954,0,3570,0,29792,906,35,376713
="Coventry School District",2369966,1027839,638106,398162,1243137,19070,55988,507140,0,5816,6283218
="Cromwell School District",1885906,844603,489543,72894,1752222,4373,0,457381,0,0,5513263
="Danbury School District",11514007,4565254,3596192,934215,3164224,77651,65517,2545961,37399,0,26607014
="Darien School District",10756136,3544558,4303637,2800392,5345658,67106,191,1583382,39995,0,28576750
="Deep River School District",603516,262308,229006,79061,330718,3940,140,117186,0,94,1625969
="Derby School District",1377719,758668,630726,159362,1471695,5964,2771,380774,0,30,4787811
="East Granby School District",1238902,608541,511571,184728,1009234,4059,0,402619,1897,106,3972076
="East Haddam School District",1530010,481277,662101,337714,1273053,21483,0,481418,0,1265,4788321
="East Hampton School District",2657698,1228699,1000017,707870,796114,97905,0,582237,400,40,7070980
="East Hartford School District",9835474,4009451,2066715,341518,3953303,80209,3116,1844012,19237,241,22215171
="East Haven School District",3322934,960250,1697916,253912,3649392,2701,39473,1236546,0,214706,11380128
="East Lyme School District",3789297,2464018,1062287,393078,915388,13441,5742,641360,0,122,9284733
="East Windsor School District",2022850,1106120,657084,195950,1537769,16562,0,505728,32886,70,6076160
="Eastford School District",172704,139275,63360,126327,102474,3006,0,0,0,185,609558
="Easton School District",1301057,744741,516146,444263,278720,9411,0,181727,5885,500,3502860
="Ellington School District",2838612,1103316,1254911,386223,1088086,37535,0,437405,13644,2284,7162016
="Enfield School District",6793892,2473857,1898659,372677,2896184,23881,0,1926969,8933,0,16405758
="Essex School District",824603,576520,325337,172185,276089,7385,172,130997,2551,0,2315839
="Fairfield School District",16312083,4187306,6959949,3599841,6533537,107571,33697,2667058,50091,1484,40474596
="Farmington School District",6514691,663129,1210995,683244,1969245,65419,0,972385,3662,675,12108546
="Franklin School District",256117,48123,44198,36893,218683,2710,0,9889,0,0,616613
="Glastonbury School District",7574543,3240367,1532721,757117,3678951,82836,173339,0,3836,2130,17220123
="Granby School District",2210691,822381,668957,206966,1186617,47946,0,334343,0,2073,5490587
="Greenwich School District",19429861,6029139,6996055,1685448,4742011,141880,273885,2113638,116488,116488,41674201
="Griswold School District",2771089,1454348,799474,130754,938189,2947,5909,456108,8108,600,6587110
="Groton School District",6878121,3075026,2164718,2928203,3787457,223722,1002,1485652,47133,7175,20598209
="Guilford School District",4991482,2187443,2538647,1050426,3595417,76553,0,1268881,15080,0,15723929
="Hamden School District",9242073,2433914,5954754,583443,8912333,53535,5445,2603244,0,0,29788741
="Hampton School District",124638,129659,58083,73607,0,7330,0,0,0,0,393317
="Hartland School District",0,0,0,408130,351039,4000,0,40005,0,0,803174
="Hebron School District",769718,650835,770484,234525,163577,13932,0,124384,1500,0,2742839
="Kent School District",480896,223494,237142,21910,0,13053,0,81322,2473,0,1060290
="Killingly School District",3390789,1908496,1897125,99968,5731431,16551,34265,601680,7423,227,13790789
="Lebanon School District",1295981,869529,583179,239960,1457662,30541,0,467944,1335,2198,4975723
="Ledyard School District",4048248,985044,1624656,381062,1893956,71243,1278,912151,1944,40,9919622
="Lisbon School District",721257,160500,182475,147801,797230,7793,0,102152,11851,320,2133127
="Litchfield School District",1136930,511501,428940,99088,633292,8354,0,150857,36702,1209,3007964
="Madison School District",3677619,1971208,1609736,763769,1656705,2479,0,1255759,7349,1187,11012717
="Manchester School District",9082207,4333995,6474073,358878,4104878,419589,28068,1987337,49959,3165,27050784
="Mansfield School District",1696201,742589,723683,501397,446332,18690,157,224288,0,0,4365981
="Marlborough School District",588344,267038,173069,127874,95840,18676,16995,49406,0,990,1338899
="Meriden School District",10291637,4050450,3648546,226253,7768058,84881,68715,2874164,0,680,29024062
="Middletown School District",5490890,2731578,2360650,931690,5871551,71942,0,2669489,12216,437,20155713
="Milford School District",10346716,4499730,5291864,564438,4250675,86841,4212,1801205,45700,31792,26934195
="Monroe School District",4566458,1428458,1255030,1060628,1985247,15291,11449,933437,16401,904,11276465
="Montville School District",3781668,1499234,1097739,398726,1027931,162590,911,99087,50903,1135,8119924
="Naugatuck School District",5890761,1825819,2944992,82623,1376088,23829,0,612407,0,555,12757390
="New Britain School District",12123209,6644388,5642819,1112573,11380978,42035,3124,4285985,0,51376,41307155
="New Canaan School District",6588181,3344598,2091827,1214451,3420343,45040,0,1335023,34979,66150,18152988
="New Fairfield School District",3544966,1126506,1243710,289388,689986,58180,1785,616646,0,600,7592909
="New Hartford School District",755720,349768,445390,161310,346391,4060,0,124081,600,310,2190613
="New Haven School District",22873669,3334508,8665286,2870633,17635653,2708,459432,7196026,45678,546791,63815694
="New London School District",3249506,2226884,1505199,2031151,4014048,53610,2080,1375805,114238,0,14613190
="New Milford School District",5545267,1942588,1865348,1850738,2210819,56286,0,894421,21428,1148,14404885
="Newington School District",4367373,551566,1266745,2598267,2888645,78165,101502,0,332440,21180,12242527
="Newtown School District",5335716,2783702,1952238,623711,3214067,85180,44635,1367845,14820,2188,15484895
="Norfolk School District",62391,24407,6545,198958,80195,128,0,47649,0,0,420273
="North Branford School District",2698682,901521,607813,238852,811586,37320,2555,581231,8516,1000,5890848
="North Canaan School District",560705,160138,265075,24199,28595,6564,0,94808,2900,0,1142984
="North Haven School District",3425776,779163,1209550,454510,2968811,41911,0,1369746,9116,29177,10310439
="North Stonington School District",939211,320248,642271,60325,118711,0,0,13857,7688,12662,2136581
="Norwalk School District",13590114,4853336,5764575,3849500,10034303,101756,0,2904261,21369,0,41119214
="Norwich School District",4591631,2112824,1383235,2309315,12387257,12223,31609,2825579,0,185,25698612
="Old Saybrook School District",2063179,1165309,493401,117138,1206938,23669,0,566370,21319,1797,5670019
="Orange School District",1479971,956783,776416,389028,421615,98796,0,258326,15513,8294,4415376
="Oxford School District",2586900,1202230,1099898,183434,1411774,12095,0,736060,2214,40,7240177
="Plainfield School District",2545319,1775391,1022162,338622,1753408,10612,2002,914826,1849,476,8400344
="Plainville School District",2958328,1662452,1027258,142851,1610793,24329,0,411238,9137,2675,7850840
="Plymouth School District",2032229,628981,969556,364075,1311661,4534,0,555248,22344,23525,5933770
="Pomfret School District",604413,272227,290548,95659,1374717,32239,0,262934,7843,4736,2946517
="Portland School District",1373467,611378,751889,341798,741326,25991,0,279986,21073,0,4146908
="Preston School District",658711,404715,256680,146587,1151321,5754,0,113525,2742,0,2743742
="Putnam School District",1825214,639076,565520,245301,1494713,25584,0,151878,424,2045,4955364
="Redding School District",2138993,1135222,907143,405113,113224,19298,0,149075,11191,378,4888555
="Regional School District 01",793443,226624,375182,34184,740739,10476,0,134171,4083,0,2318902
="Regional School District 04",1692571,414376,372662,254496,1193662,9022,243,215761,0,1280,4154073
="Regional School District 05",2712580,656518,772591,313723,2965456,15097,0,799361,33155,1331,8282296
="Regional School District 06",1377384,647843,425868,368221,411423,42121,0,229431,8066,195,3511467
="Regional School District 07",833400,256729,269624,1283630,1011764,9781,0,340009,2956,0,4007893
="Regional School District 08",1670054,768537,539540,134864,1391605,11845,0,317341,495,809,4848960
="Regional School District 09",1049217,447475,339394,401682,1442264,10448,0,345641,15543,704,4058756
="Regional School District 10",2798544,1353243,930816,349842,1411176,89915,27951,590457,0,63594,7615538
="Regional School District 11",315839,136371,108530,131086,711264,664,0,186564,0,0,1590318
="Regional School District 12",1611175,742310,513035,344601,578950,52571,0,354283,1794,310,4199788
="Regional School District 13",2686967,1884476,1440957,238675,924038,44495,43608,635743,18963,0,7938377
="Regional School District 14",2896318,1272308,880383,291543,1517255,37586,0,640280,1850,450,7537973
="Regional School District 15",5692215,2397782,2256477,945807,2132706,9644,39346,1373841,7059,1134,14903782
="Regional School District 16",2137414,1403589,897695,756630,1205799,46212,2323,1029543,0,0,7479205
="Regional School District 17",2684422,1170775,847370,317883,1446711,10891,29066,846283,5370,802,7360615
="Regional School District 18",2682633,1385107,775290,256397,412952,48696,0,340135,5488,4908,5926037
="Regional School District 19",1599617,255122,322038,1254508,811241,15314,1524,361871,8220,1687,4635623
="Ridgefield School District",6048795,2202338,2311958,1906201,4115681,63525,0,1306024,28226,20064,18030077
="Rocky Hill School District",2946523,1292263,1099371,217184,1086207,14920,70,446656,8686,816,7123852
="Salem School District",548741,259915,146747,245977,1747312,3700,0,307845,0,0,3268085
="Salisbury School District",535875,143456,213296,40869,2050,10548,0,89169,1909,0,1037172
="Scotland School District",292187,162764,57293,32042,49010,3039,0,0,0,0,596335
="Seymour School District",2762840,785120,869922,273487,1797423,17383,2720,773132,119,0,7282146
="Sharon School District",325598,105335,154109,13041,11619,3963,0,50728,1543,0,665936
="Shelton School District",6660579,1790957,1868860,252318,2016327,76454,0,1101655,46052,39,13817494
="Sherman School District",848675,395757,202232,96998,509693,15008,529,103164,4369,915,2177340
="Simsbury School District",5178865,3089054,1650739,692050,2395008,22323,0,1234426,33739,135690,14469000
="Somers School District",1760942,771839,569088,183077,863782,17808,100,370360,0,220,4546091
="South Windsor School District",3921338,2824335,2051219,145377,4652194,17810,46915,1557917,54377,2901,15293265
="Southington School District",7098955,5026119,4677954,1393567,4661259,108905,0,1923544,32127,9822,24932252
="Sprague School District",538645,309032,187514,137346,424490,4296,0,72645,0,445,1674413
="Stafford School District",1933082,756413,822601,203209,1039152,37053,17580,573073,3202,185,5385550
="Stamford School District",22025697,8320793,8269954,5092529,14735654,332052,224749,4903550,66877,34705,64008928
="Sterling School District",422280,407155,250932,113967,1089746,23035,13451,13814,26771,980,2385712
="Stonington School District",3235768,1538575,1193386,335775,2086905,24139,0,880078,10496,0,9317802
="Stratford School District",8819123,2168748,4139766,2660577,5415325,22801,28153,2147715,1193,248,25411002
="Suffield School District",2688028,1502303,986866,501035,1183677,65382,0,423157,6891,1574,7360213
="Thomaston School District",1345065,452341,555398,112321,963871,29372,850,475732,20988,912,3963066
="Thompson School District",1054504,459047,360487,116212,1777651,7428,0,213961,797,4031,4011418
="Tolland School District",2212055,1323842,946027,331076,3143553,17990,0,736016,9106,199,8745934
="Torrington School District",5636290,3383724,3430359,356885,6471463,16180,29065,1442599,727,0,20767292
="Trumbull School District",9089378,3506780,2918181,534232,3063213,101263,0,1805628,107293,1447,21134705
="Union School District",131867,46777,35883,180374,38332,4920,0,41070,1613,0,480836
="Vernon School District",4904930,2298325,1679202,217897,2441188,40063,27065,1614209,12361,2764,13279319
="Voluntown School District",507529,249201,130364,124696,683372,13858,5091,7280,1065,828,1730850
="Wallingford School District",9289236,3321357,1820690,1259799,5097421,168703,10966,3025786,36255,834,24031047
="Waterbury School District",20013158,12552992,16572499,4004411,6156782,221305,19235,5608543,0,0,65321640
="Waterford School District",4402438,1502121,1780659,674731,2470298,80865,0,729774,33686,1578,11693550
="Watertown School District",3315328,1427793,1567022,590533,1373077,31279,4970,812345,161,490,9123057
="West Hartford School District",14009359,4516756,7955242,406737,6432152,216337,36729,3126706,0,1561,36701579
="West Haven School District",8610527,3653914,3500748,609950,8955117,52695,7590,1456315,0,1800,26854926
="Westbrook School District",1597402,412105,564837,515948,477737,22182,0,214619,6696,0,3811526
="Weston School District",3826445,1770720,1659133,949724,2198357,25779,0,379784,11635,6572,10828149
="Westport School District",8839280,3972770,3085399,637677,2707351,192219,7456,1234765,36821,2849,20735100
="Wethersfield School District",2791478,2147329,1248284,360467,4731405,31587,0,1816018,4208,370,13134383
="Willington School District",831923,260236,236143,544513,178341,13532,15784,126064,4824,674,2212519
="Wilton School District",6840382,3676291,2578155,2942614,3989650,86224,12290,756345,22234,1774,20906150
="Windham School District",3661659,2117273,1505974,539209,3902458,6990,1519,1174878,0,0,12946203
="Windsor Locks School District",2759706,1130435,538785,113708,888546,72174,0,431306,0,2146,5936806
="Windsor School District",5494166,3453367,2124639,217619,4891984,38664,0,1826898,5919,0,18053256
="Wolcott School District",2557862,757516,436129,1289299,953510,51271,0,564207,8569,8954,6631062
="Woodbridge School District",1074130,337492,397485,149895,275617,8440,0,157977,4148,15769,2430238
="Woodstock School District",825858,938549,426019,191966,805543,14387,13988,80504,25369,4239,3326954

