subject,stat,grade,year,value
mth,mean,3,2007,227.8
mth,mean,3,2008,227.7
mth,mean,3,2009,227.6
mth,mean,3,2010,228.1
mth,mean,3,2011,228.6
mth,mean,3,2012,229.2
mth,mean,3,2013,229.8
mth,mean,3,2014,229.3
mth,mean,3,2015,228.8
mth,mean,3,2016,228.2
mth,mean,3,2017,227.7
mth,mean,3,2018,228.1
mth,mean,3,2019,228.6
mth,mean,3,2022,224.7
mth,mean,3,2023,226.1
mth,mean,3,2024,227.6
mth,mean,3,2025,227.5
mth,mean,4,2007,237.8
mth,mean,4,2008,238.0
mth,mean,4,2009,238.1
mth,mean,4,2010,238.7
mth,mean,4,2011,239.2
mth,mean,4,2012,239.8
mth,mean,4,2013,240.4
mth,mean,4,2014,239.8
mth,mean,4,2015,239.1
mth,mean,4,2016,238.7
mth,mean,4,2017,238.3
mth,mean,4,2018,238.6
mth,mean,4,2019,238.9
mth,mean,4,2022,234.2
mth,mean,4,2023,235.2
mth,mean,4,2024,236.3
mth,mean,4,2025,236.4
mth,mean,5,2007,247.9
mth,mean,5,2008,248.2
mth,mean,5,2009,248.6
mth,mean,5,2010,249.2
mth,mean,5,2011,249.7
mth,mean,5,2012,250.4
mth,mean,5,2013,251.0
mth,mean,5,2014,250.2
mth,mean,5,2015,249.4
mth,mean,5,2016,249.2
mth,mean,5,2017,249.0
mth,mean,5,2018,249.0
mth,mean,5,2019,249.1
mth,mean,5,2022,243.7
mth,mean,5,2023,244.3
mth,mean,5,2024,245.0
mth,mean,5,2025,245.3
mth,mean,6,2007,257.9
mth,mean,6,2008,258.5
mth,mean,6,2009,259.1
mth,mean,6,2010,259.7
mth,mean,6,2011,260.3
mth,mean,6,2012,260.9
mth,mean,6,2013,261.6
mth,mean,6,2014,260.7
mth,mean,6,2015,259.8
mth,mean,6,2016,259.7
mth,mean,6,2017,259.6
mth,mean,6,2018,259.5
mth,mean,6,2019,259.4
mth,mean,6,2022,253.3
mth,mean,6,2023,253.5
mth,mean,6,2024,253.7
mth,mean,6,2025,254.2
mth,mean,7,2007,268.0
mth,mean,7,2008,268.8
mth,mean,7,2009,269.6
mth,mean,7,2010,270.2
mth,mean,7,2011,270.8
mth,mean,7,2012,271.5
mth,mean,7,2013,272.1
mth,mean,7,2014,271.1
mth,mean,7,2015,270.1
mth,mean,7,2016,270.2
mth,mean,7,2017,270.2
mth,mean,7,2018,269.9
mth,mean,7,2019,269.6
mth,mean,7,2022,262.8
mth,mean,7,2023,262.6
mth,mean,7,2024,262.4
mth,mean,7,2025,263.0
mth,mean,8,2007,278.0
mth,mean,8,2008,279.1
mth,mean,8,2009,280.1
mth,mean,8,2010,280.8
mth,mean,8,2011,281.4
mth,mean,8,2012,282.1
mth,mean,8,2013,282.7
mth,mean,8,2014,281.6
mth,mean,8,2015,280.4
mth,mean,8,2016,280.6
mth,mean,8,2017,280.9
mth,mean,8,2018,280.4
mth,mean,8,2019,279.9
mth,mean,8,2022,272.3
mth,mean,8,2023,271.7
mth,mean,8,2024,271.0
mth,mean,8,2025,271.9
mth,sd,3,2007,27.9
mth,sd,3,2008,27.9
mth,sd,3,2009,27.8
mth,sd,3,2010,27.9
mth,sd,3,2011,27.9
mth,sd,3,2012,28.2
mth,sd,3,2013,28.6
mth,sd,3,2014,28.7
mth,sd,3,2015,28.8
mth,sd,3,2016,29.6
mth,sd,3,2017,30.5
mth,sd,3,2018,30.7
mth,sd,3,2019,31.0
mth,sd,3,2022,32.5
mth,sd,3,2023,33.0
mth,sd,3,2024,33.5
mth,sd,3,2025,33.7
mth,sd,4,2007,29.9
mth,sd,4,2008,29.8
mth,sd,4,2009,29.8
mth,sd,4,2010,29.8
mth,sd,4,2011,29.7
mth,sd,4,2012,30.0
mth,sd,4,2013,30.3
mth,sd,4,2014,30.4
mth,sd,4,2015,30.5
mth,sd,4,2016,31.4
mth,sd,4,2017,32.3
mth,sd,4,2018,32.6
mth,sd,4,2019,32.9
mth,sd,4,2022,33.9
mth,sd,4,2023,34.6
mth,sd,4,2024,35.3
mth,sd,4,2025,35.7
mth,sd,5,2007,31.9
mth,sd,5,2008,31.8
mth,sd,5,2009,31.7
mth,sd,5,2010,31.6
mth,sd,5,2011,31.6
mth,sd,5,2012,31.8
mth,sd,5,2013,32.0
mth,sd,5,2014,32.1
mth,sd,5,2015,32.3
mth,sd,5,2016,33.2
mth,sd,5,2017,34.1
mth,sd,5,2018,34.5
mth,sd,5,2019,34.8
mth,sd,5,2022,35.2
mth,sd,5,2023,36.2
mth,sd,5,2024,37.2
mth,sd,5,2025,37.6
mth,sd,6,2007,33.8
mth,sd,6,2008,33.8
mth,sd,6,2009,33.7
mth,sd,6,2010,33.5
mth,sd,6,2011,33.4
mth,sd,6,2012,33.5
mth,sd,6,2013,33.7
mth,sd,6,2014,33.8
mth,sd,6,2015,34.0
mth,sd,6,2016,35.0
mth,sd,6,2017,35.9
mth,sd,6,2018,36.3
mth,sd,6,2019,36.8
mth,sd,6,2022,36.6
mth,sd,6,2023,37.8
mth,sd,6,2024,39.0
mth,sd,6,2025,39.6
mth,sd,7,2007,35.8
mth,sd,7,2008,35.7
mth,sd,7,2009,35.6
mth,sd,7,2010,35.4
mth,sd,7,2011,35.2
mth,sd,7,2012,35.3
mth,sd,7,2013,35.4
mth,sd,7,2014,35.6
mth,sd,7,2015,35.8
mth,sd,7,2016,36.8
mth,sd,7,2017,37.8
mth,sd,7,2018,38.2
mth,sd,7,2019,38.7
mth,sd,7,2022,38.0
mth,sd,7,2023,39.4
mth,sd,7,2024,40.8
mth,sd,7,2025,41.5
mth,sd,8,2007,37.8
mth,sd,8,2008,37.7
mth,sd,8,2009,37.6
mth,sd,8,2010,37.3
mth,sd,8,2011,37.1
mth,sd,8,2012,37.1
mth,sd,8,2013,37.1
mth,sd,8,2014,37.3
mth,sd,8,2015,37.5
mth,sd,8,2016,38.5
mth,sd,8,2017,39.6
mth,sd,8,2018,40.1
mth,sd,8,2019,40.6
mth,sd,8,2022,39.3
mth,sd,8,2023,41.0
mth,sd,8,2024,42.7
mth,sd,8,2025,43.5
rla,mean,3,2007,205.9
rla,mean,3,2008,206.1
rla,mean,3,2009,206.2
rla,mean,3,2010,206.5
rla,mean,3,2011,206.8
rla,mean,3,2012,207.3
rla,mean,3,2013,207.7
rla,mean,3,2014,208.5
rla,mean,3,2015,209.3
rla,mean,3,2016,208.8
rla,mean,3,2017,208.4
rla,mean,3,2018,207.9
rla,mean,3,2019,207.5
rla,mean,3,2022,204.1
rla,mean,3,2023,203.2
rla,mean,3,2024,202.2
rla,mean,3,2025,201.8
rla,mean,4,2007,216.3
rla,mean,4,2008,216.7
rla,mean,4,2009,217.0
rla,mean,4,2010,217.4
rla,mean,4,2011,217.8
rla,mean,4,2012,218.5
rla,mean,4,2013,219.1
rla,mean,4,2014,219.6
rla,mean,4,2015,220.0
rla,mean,4,2016,219.8
rla,mean,4,2017,219.5
rla,mean,4,2018,218.8
rla,mean,4,2019,218.1
rla,mean,4,2022,214.9
rla,mean,4,2023,213.9
rla,mean,4,2024,212.8
rla,mean,4,2025,212.7
rla,mean,5,2007,226.7
rla,mean,5,2008,227.3
rla,mean,5,2009,227.8
rla,mean,5,2010,228.3
rla,mean,5,2011,228.8
rla,mean,5,2012,229.7
rla,mean,5,2013,230.5
rla,mean,5,2014,230.6
rla,mean,5,2015,230.8
rla,mean,5,2016,230.7
rla,mean,5,2017,230.6
rla,mean,5,2018,229.7
rla,mean,5,2019,228.7
rla,mean,5,2022,225.6
rla,mean,5,2023,224.6
rla,mean,5,2024,223.5
rla,mean,5,2025,223.6
rla,mean,6,2007,237.2
rla,mean,6,2008,237.9
rla,mean,6,2009,238.6
rla,mean,6,2010,239.2
rla,mean,6,2011,239.8
rla,mean,6,2012,240.9
rla,mean,6,2013,241.9
rla,mean,6,2014,241.7
rla,mean,6,2015,241.5
rla,mean,6,2016,241.6
rla,mean,6,2017,241.8
rla,mean,6,2018,240.6
rla,mean,6,2019,239.4
rla,mean,6,2022,236.4
rla,mean,6,2023,235.3
rla,mean,6,2024,234.1
rla,mean,6,2025,234.5
rla,mean,7,2007,247.6
rla,mean,7,2008,248.5
rla,mean,7,2009,249.3
rla,mean,7,2010,250.0
rla,mean,7,2011,250.7
rla,mean,7,2012,252.1
rla,mean,7,2013,253.4
rla,mean,7,2014,252.8
rla,mean,7,2015,252.3
rla,mean,7,2016,252.6
rla,mean,7,2017,252.9
rla,mean,7,2018,251.4
rla,mean,7,2019,250.0
rla,mean,7,2022,247.2
rla,mean,7,2023,245.9
rla,mean,7,2024,244.7
rla,mean,7,2025,245.4
rla,mean,8,2007,258.0
rla,mean,8,2008,259.1
rla,mean,8,2009,260.1
rla,mean,8,2010,260.9
rla,mean,8,2011,261.7
rla,mean,8,2012,263.3
rla,mean,8,2013,264.8
rla,mean,8,2014,263.9
rla,mean,8,2015,263.0
rla,mean,8,2016,263.5
rla,mean,8,2017,264.0
rla,mean,8,2018,262.3
rla,mean,8,2019,260.6
rla,mean,8,2022,257.9
rla,mean,8,2023,256.6
rla,mean,8,2024,255.3
rla,mean,8,2025,256.3
rla,sd,3,2007,39.1
rla,sd,3,2008,38.6
rla,sd,3,2009,38.1
rla,sd,3,2010,38.2
rla,sd,3,2011,38.4
rla,sd,3,2012,38.8
rla,sd,3,2013,39.2
rla,sd,3,2014,38.9
rla,sd,3,2015,38.6
rla,sd,3,2016,39.0
rla,sd,3,2017,39.5
rla,sd,3,2018,39.7
rla,sd,3,2019,39.9
rla,sd,3,2022,41.9
rla,sd,3,2023,42.2
rla,sd,3,2024,42.4
rla,sd,3,2025,42.8
rla,sd,4,2007,38.7
rla,sd,4,2008,38.2
rla,sd,4,2009,37.7
rla,sd,4,2010,37.8
rla,sd,4,2011,37.9
rla,sd,4,2012,38.2
rla,sd,4,2013,38.4
rla,sd,4,2014,38.2
rla,sd,4,2015,38.0
rla,sd,4,2016,38.5
rla,sd,4,2017,39.0
rla,sd,4,2018,39.4
rla,sd,4,2019,39.8
rla,sd,4,2022,41.3
rla,sd,4,2023,41.7
rla,sd,4,2024,42.1
rla,sd,4,2025,42.5
rla,sd,5,2007,38.4
rla,sd,5,2008,37.9
rla,sd,5,2009,37.4
rla,sd,5,2010,37.4
rla,sd,5,2011,37.4
rla,sd,5,2012,37.5
rla,sd,5,2013,37.6
rla,sd,5,2014,37.5
rla,sd,5,2015,37.4
rla,sd,5,2016,38.0
rla,sd,5,2017,38.5
rla,sd,5,2018,39.1
rla,sd,5,2019,39.7
rla,sd,5,2022,40.7
rla,sd,5,2023,41.3
rla,sd,5,2024,41.9
rla,sd,5,2025,42.2
rla,sd,6,2007,38.0
rla,sd,6,2008,37.5
rla,sd,6,2009,37.0
rla,sd,6,2010,36.9
rla,sd,6,2011,36.9
rla,sd,6,2012,36.9
rla,sd,6,2013,36.9
rla,sd,6,2014,36.9
rla,sd,6,2015,36.9
rla,sd,6,2016,37.4
rla,sd,6,2017,38.0
rla,sd,6,2018,38.8
rla,sd,6,2019,39.5
rla,sd,6,2022,40.0
rla,sd,6,2023,40.9
rla,sd,6,2024,41.7
rla,sd,6,2025,42.0
rla,sd,7,2007,37.6
rla,sd,7,2008,37.1
rla,sd,7,2009,36.6
rla,sd,7,2010,36.5
rla,sd,7,2011,36.3
rla,sd,7,2012,36.2
rla,sd,7,2013,36.1
rla,sd,7,2014,36.2
rla,sd,7,2015,36.3
rla,sd,7,2016,36.9
rla,sd,7,2017,37.4
rla,sd,7,2018,38.4
rla,sd,7,2019,39.4
rla,sd,7,2022,39.4
rla,sd,7,2023,40.4
rla,sd,7,2024,41.4
rla,sd,7,2025,41.7
rla,sd,8,2007,37.3
rla,sd,8,2008,36.8
rla,sd,8,2009,36.3
rla,sd,8,2010,36.0
rla,sd,8,2011,35.8
rla,sd,8,2012,35.5
rla,sd,8,2013,35.3
rla,sd,8,2014,35.5
rla,sd,8,2015,35.8
rla,sd,8,2016,36.4
rla,sd,8,2017,36.9
rla,sd,8,2018,38.1
rla,sd,8,2019,39.3
rla,sd,8,2022,38.8
rla,sd,8,2023,40.0
rla,sd,8,2024,41.2
rla,sd,8,2025,41.4
