town_code,town,fiscal_year,policy_year,delta_2018,delta_nominal,delta_sd,delta_gcs,n_tests,frpl_share
1,Andover,2023,1,0.0,0.0,0.0,0.0,127.5,0.2097975453687192
1,Andover,2024,2,0.0,0.0,0.0,0.0,127.5,0.2222222222222222
1,Andover,2025,3,0.0,0.0,0.0,0.0,127.5,0.24707865821754552
2,Ansonia,2023,1,165.25607146697757,200.5337345448127,0.0014170708128293326,0.004645051170237386,2209.333333333333,0.6825077958864616
2,Ansonia,2024,2,315.6778410209277,394.37478045632406,0.004124008299583788,0.013518187944188135,2209.333333333333,0.6416802137027929
2,Ansonia,2025,3,637.3048956436792,817.1563473167273,0.009588897779728336,0.03143168319449265,2209.333333333333,0.6272585538004133
3,Ashford,2023,1,0.0,0.0,0.0,0.0,468.99999999999994,0.31763568567877365
3,Ashford,2024,2,0.0,0.0,0.0,0.0,468.99999999999994,0.3522048020609012
3,Ashford,2025,3,0.0,0.0,0.0,0.0,468.99999999999994,0.35361566789420823
4,Avon,2023,1,0.0,0.0,0.0,0.0,2848.6666666666665,0.07574692218202272
4,Avon,2024,2,9.59849125248317,11.991348104028138,8.230706249004317e-05,0.000270006421409572,2848.6666666666665,0.08215450180996638
4,Avon,2025,3,23.89652608815378,30.640276114672112,0.00028721977369596175,0.0009422178475036121,2848.6666666666665,0.09989306319516927
5,Barkhamsted,2023,1,0.0,0.0,0.0,0.0,239.66666666666669,0.2043082389518099
5,Barkhamsted,2024,2,63.79846953980154,79.70311548266294,0.000547071876303798,0.001741507273323621,239.66666666666669,0.22334017641617976
5,Barkhamsted,2025,3,64.32455993219493,82.47735549537772,0.0010986549777223693,0.0034973752398016005,239.66666666666669,0.2474554113362592
6,Beacon Falls,2023,1,85.34228374250868,103.56053318675278,0.0007318100830920121,0.0023988583440894373,1719.9999999999998,0.24048371581695752
6,Beacon Falls,2024,2,164.6664334530576,205.71696870313528,0.0021438247499519806,0.007027413270884318,1719.9999999999998,0.27050133849107905
6,Beacon Falls,2025,3,346.17037854060936,443.861837577426,0.005112235745937706,0.016757803232608694,1719.9999999999998,0.3211745813259922
7,Berlin,2023,1,12.249406569534347,14.864320708708977,0.00010503866133375702,0.00034440285435651864,2301.6666666666665,0.1976093003139378
7,Berlin,2024,2,52.72797242367015,65.87279766372154,0.0005571810248667285,0.0018268962391633325,2301.6666666666665,0.208808602022694
7,Berlin,2025,3,164.0454449443586,210.3401017330768,0.0019638707152646036,0.006439178406655303,2301.6666666666665,0.23795449496794016
8,Bethany,2023,1,0.0,0.0,0.0,0.0,501.8333333333333,0.11250678349724028
8,Bethany,2024,2,0.0,0.0,0.0,0.0,501.8333333333333,0.11802330008375847
8,Bethany,2025,3,0.0,0.0,0.0,0.0,501.8333333333333,0.13538194311404012
9,Bethel,2023,1,47.45049329404283,57.579879164375676,0.0004068879799964172,0.0013368165585048648,2849.0,0.3022498319941093
9,Bethel,2024,2,100.45603537757651,125.49923291865788,0.0012682984833591357,0.004166951340504157,2849.0,0.29517668072719944
9,Bethel,2025,3,209.46926723504828,268.58281249514386,0.0030644974498996746,0.010068301684797594,2849.0,0.3247792588817026
10,Bethlehem,2023,1,45.03783842040172,54.65218829236027,0.0003861994644549447,0.001267250757089548,1183.6666666666667,0.2838716789769596
10,Bethlehem,2024,2,90.21537534127391,112.70562649863379,0.0011597963080063683,0.003805683033416529,1183.6666666666667,0.32063793007304964
10,Bethlehem,2025,3,89.29143863465106,114.49004446710285,0.0019254703942985013,0.006318118069821795,1183.6666666666667,0.2549069589599796
11,Bloomfield,2023,1,62.89690437319161,76.3236776313206,0.000539340955000118,0.001778748241387083,1410.1666666666667,0.5493234900148785
11,Bloomfield,2024,2,122.3371558027461,152.8352094823172,0.0015883820660086655,0.005238489271713248,1410.1666666666667,0.5829912614268805
11,Bloomfield,2025,3,277.5848098816191,355.9209898809472,0.003968671810743549,0.013088692669372818,1410.1666666666667,0.56838381298395
12,Bolton,2023,1,0.9733105126839188,1.1810857552621588,8.346137646264603e-06,2.736784568299882e-05,629.3333333333333,0.20809606164142797
12,Bolton,2024,2,0.9477337231479266,1.183999097905449,1.6472954322258076e-05,5.401651529632039e-05,629.3333333333333,0.2015617511910467
12,Bolton,2025,3,0.9511045160457505,1.2195121951219512,2.462867554735038e-05,8.075996590569079e-05,629.3333333333333,0.19599303135888502
13,Bozrah,2023,1,32.41297153417344,39.332256731888684,0.0002779412309055372,0.000948980616298708,41.0,0.3680474706125362
13,Bozrah,2024,2,30.556323684303514,38.17386550027337,0.0005399617064984398,0.0018436026614012634,41.0,0.3681428831784217
13,Bozrah,2025,3,31.904817894491075,40.90855825944299,0.0008135455199437008,0.0027777056552131907,41.0,0.3320182805359166
14,Branford,2023,1,31.103026076839008,37.74267365468369,0.0002667084486088944,0.0008747315566922273,2258.333333333333,0.3310696095076401
14,Branford,2024,2,65.23247405359076,81.49461029734495,0.0008260769136184353,0.002709308791550845,2258.333333333333,0.3701003548499885
14,Branford,2025,3,117.947068705519,151.2324736541868,0.0018374730277682606,0.006026414424976372,2258.333333333333,0.35690695649563153
15,Bridgeport,2023,1,186.42844235861972,226.22582904021704,0.0015986238932251637,0.005236295316231828,17086.666666666668,0.6600434555534015
15,Bridgeport,2024,2,377.866937585145,472.0673141640176,0.004838832883017782,0.01584960544425305,17086.666666666668,0.8066742195802737
15,Bridgeport,2025,3,801.9315592545897,1028.2416912812673,0.011715396003625885,0.03837379979216094,17086.666666666668,0.8591184186065726
16,Bridgewater,2023,1,2.227604729608785,2.7031375703942078,1.9101710556395327e-05,6.265135374427825e-05,554.5,0.12872083668543846
16,Bridgewater,2024,2,4.203160873016475,5.250988289699411,5.5143815042511594e-05,0.00018086519805844052,554.5,0.126799433131946
16,Bridgewater,2025,3,9.044722519914554,11.597200127266943,0.0001327023106507789,0.0004352479000620967,554.5,0.11931275851097678
17,Bristol,2023,1,130.5556203189393,158.42568370387,0.0011195144442349043,0.003671694028498664,6712.666666666666,0.5417411902413428
17,Bristol,2024,2,254.7045155146318,318.20110357590187,0.0033036056647728724,0.010834901911560998,6712.666666666666,0.5361157187473748
17,Bristol,2025,3,527.7830546055858,676.7267535918902,0.00782934535801577,0.025678061365011162,6712.666666666666,0.5662943504443646
18,Brookfield,2023,1,0.0,0.0,0.0,0.0,2241.1666666666665,0.2081358759525344
18,Brookfield,2024,2,0.0,0.0,0.0,0.0,2241.1666666666665,0.22451951299468623
18,Brookfield,2025,3,29.124614829165548,37.343764395172435,0.00024974357216009456,0.0008194961470561451,2241.1666666666665,0.2468292233516568
19,Brooklyn,2023,1,18.3913160395458,22.31736029947321,0.00015770553503910523,0.0005161179417619931,1092.3333333333333,0.29557734979758454
19,Brooklyn,2024,2,137.87630331072705,172.24819034634987,0.0013399948359285898,0.0043853589318832275,1092.3333333333333,0.31567500892654266
19,Brooklyn,2025,3,285.9463754425286,366.64224185673993,0.0037919850053482725,0.012409909998830402,1092.3333333333333,0.31865856671807236
20,Burlington,2023,1,41.17941783078332,49.9701001644491,0.000353113507898967,0.0011578894277134045,1931.0,0.11552209190122183
20,Burlington,2024,2,79.68895950175781,99.55502675341467,0.0010364463356265401,0.003398596280144685,1931.0,0.11829273324988653
20,Burlington,2025,3,145.25266849217897,186.2438855160451,0.0022819879679469744,0.007482833941914821,1931.0,0.1228100607111882
22,Canterbury,2023,1,0.0,0.0,0.0,0.0,570.3333333333333,0.2700553364922628
22,Canterbury,2024,2,0.0,0.0,0.0,0.0,570.3333333333333,0.2880119088070158
22,Canterbury,2025,3,0.0,0.0,0.0,0.0,570.3333333333333,0.29138108009668556
23,Canton,2023,1,53.79218247580256,65.27534598536228,0.000461267964730007,0.0015132290278431079,1310.6666666666667,0.14423044671188123
23,Canton,2024,2,105.57253806865963,131.89125466771162,0.0013665524786687629,0.00448309233875135,1310.6666666666667,0.11064205320038724
23,Canton,2025,3,214.66805411821758,275.24872974914206,0.003207331042732478,0.010521923928981143,1310.6666666666667,0.14365140592163017
24,Chaplin,2023,1,0.0,0.0,0.0,0.0,103.5,0.4967378410438909
24,Chaplin,2024,2,0.0,0.0,0.0,0.0,103.5,0.4310021737500937
24,Chaplin,2025,3,0.0,0.0,0.0,0.0,103.5,0.41862327545411526
25,Cheshire,2023,1,39.74485212919305,48.22929382047594,0.00034081210700783035,0.001116370342758451,3813.6666666666665,0.14720634268379643
25,Cheshire,2024,2,80.53744852239497,100.6150399306183,0.0010314207280873674,0.0033785405156296576,3813.6666666666665,0.1609270167070189
25,Cheshire,2025,3,78.2752601025956,100.36503103604892,0.0017026310834671245,0.005577169376197412,3813.6666666666665,0.16028683413076233
26,Chester,2023,1,54.4034258709981,66.0170731707317,0.00046650937684380864,0.0014542432467260528,198.5,0.22926829268292684
26,Chester,2024,2,95.4872635178498,119.29177057356608,0.0012853126615093705,0.004006687433760417,198.5,0.23940149625935161
26,Chester,2025,3,173.33596297885217,222.25246241575945,0.002771668544053028,0.008640084127830197,198.5,0.26179367547952304
27,Clinton,2023,1,0.0,0.0,0.0,0.0,1225.3333333333333,0.35420752625399304
27,Clinton,2024,2,0.0,0.0,0.0,0.0,1225.3333333333333,0.35192527741557783
27,Clinton,2025,3,0.0,0.0,0.0,0.0,1225.3333333333333,0.3903555960164418
28,Colchester,2023,1,0.0,0.0,0.0,0.0,1868.0,0.22846729416622905
28,Colchester,2024,2,0.0,0.0,0.0,0.0,1868.0,0.24121342618460323
28,Colchester,2025,3,0.0,0.0,0.0,0.0,1868.0,0.25524769101595296
30,Columbia,2023,1,0.0,0.0,0.0,0.0,609.6666666666667,0.2247402913765736
30,Columbia,2024,2,0.0,0.0,0.0,0.0,609.6666666666667,0.2228184970735458
30,Columbia,2025,3,0.0,0.0,0.0,0.0,609.6666666666667,0.2360333376741763
32,Coventry,2023,1,0.0,0.0,0.0,0.0,1422.3333333333335,0.22928448487828867
32,Coventry,2024,2,0.7647875675061362,0.9554453618141772,6.558053391365117e-06,2.1510019187883852e-05,1422.3333333333335,0.236861857243051
32,Coventry,2025,3,25.693146129768532,32.94391363692766,0.00022687678145413023,0.0007441421457149544,1422.3333333333335,0.263059932994168
33,Cromwell,2023,1,53.172412961380715,64.52327258690397,0.0004559534411438395,0.001497105446926364,1789.666666666667,0.2316084598037423
33,Cromwell,2024,2,109.40015703011011,136.67308028686372,0.0013940597876770339,0.004577341265890118,1789.666666666667,0.23089032709463003
33,Cromwell,2025,3,226.33817526598125,290.2122325168692,0.003334909640582822,0.010950046512202407,1789.666666666667,0.254844101442397
34,Danbury,2023,1,86.98021984572743,105.54812396516402,0.0007458553851771128,0.0024439203264065724,10832.333333333332,0.5266555036903303
34,Danbury,2024,2,170.37691066606334,212.85103991287428,0.002206837394138606,0.007231073036133857,10832.333333333332,0.48549558992884345
34,Danbury,2025,3,365.8692436303946,469.1198463469897,0.005344166158269239,0.017511057185417903,10832.333333333332,0.5268484293748009
35,Darien,2023,1,2.1640056736072437,2.625961850916559,1.8556348651182113e-05,6.076298315004087e-05,4212.666666666667,0.018690119935349178
35,Darien,2024,2,4.220507759706157,5.272659670268029,5.474720269066241e-05,0.0001792703627818867,4212.666666666667,0.013325109018734673
35,Darien,2025,3,8.736587886816492,11.2021079618288,0.00012966344382011382,0.0004245844804988583,4212.666666666667,0.014890393753803525
36,Deep River,2023,1,0.0,0.0,0.0,0.0,191.16666666666669,0.3125
36,Deep River,2024,2,62.746182259685966,78.38849813818784,0.000538048512876807,0.001707620124620901,191.16666666666669,0.3496069507654117
36,Deep River,2025,3,219.909925124633,281.9698897370653,0.0024237761208205344,0.007692408365482048,191.16666666666669,0.35411365564037317
37,Derby,2023,1,139.91609364167627,169.78436272759728,0.0011997805029773738,0.003934202645414496,1172.0,0.4526954659050339
37,Derby,2024,2,277.351370101565,346.4937080769444,0.0035780685015982935,0.011732851575375,1172.0,0.5474250235600644
37,Derby,2025,3,574.7019855037846,736.8865020181979,0.008506138027293246,0.027892494207225036,1172.0,0.5603064924403092
38,Durham,2023,1,42.88172105969249,52.03579869395253,0.00036771075808686297,0.0012042489633699905,1230.6666666666667,0.15457508652844518
38,Durham,2024,2,86.56768803119235,108.14858861015124,0.0011100286829543373,0.003635332557887634,1230.6666666666667,0.13687564511062245
38,Durham,2025,3,185.06122285824318,237.2866644121294,0.0026969286689637723,0.008832413744922909,1230.6666666666667,0.13978130988614587
39,Eastford,2023,1,0.0,0.0,0.0,0.0,167.0,0.23882254929186336
39,Eastford,2024,2,0.0,0.0,0.0,0.0,167.0,0.25799793601651183
39,Eastford,2025,3,0.0,0.0,0.0,0.0,167.0,0.23303233323623654
40,East Granby,2023,1,18.370975126209665,22.29267715603928,0.00015753111170724787,0.0005163749971028894,784.6666666666667,0.158523601088371
40,East Granby,2024,2,52.75831654664795,65.91070642791863,0.0006099336760947539,0.0019993161783285534,784.6666666666667,0.13313926592875922
40,East Granby,2025,3,130.735912835834,167.63041006949734,0.0017309941286620303,0.005674067036574146,784.6666666666667,0.1277438559893117
41,East Haddam,2023,1,0.0,0.0,0.0,0.0,859.3333333333335,0.2545469474894281
41,East Haddam,2024,2,0.0,0.0,0.0,0.0,859.3333333333335,0.25718267142095985
41,East Haddam,2025,3,0.0,0.0,0.0,0.0,859.3333333333335,0.2698250684668479
42,East Hampton,2023,1,47.42965056198681,57.554587077614755,0.0004067092535690369,0.0013363791591779574,1556.3333333333333,0.2143262497314035
42,East Hampton,2024,2,124.67404332513779,155.75467161692183,0.0014757891750820933,0.004849198486666264,1556.3333333333333,0.1984947944041242
42,East Hampton,2025,3,189.67334544495836,243.20035701373826,0.003102238112272611,0.010193439966432835,1556.3333333333333,0.2101409978308026
43,East Hartford,2023,1,163.09586920820962,197.91238803404656,0.0013985470784603977,0.004577346047394985,5194.666666666666,0.6697266980309271
43,East Hartford,2024,2,315.3561633070323,393.97291006407573,0.0041027261788182,0.013427933708768026,5194.666666666666,0.6780648897296658
43,East Hartford,2025,3,664.0420138106665,851.4388484687767,0.009796886447244664,0.032064519061767646,5194.666666666666,0.6246300292457561
44,East Haven,2023,1,93.68927708632398,113.68938190376015,0.0008033855510152279,0.0026373448630778516,2331.3333333333335,0.3320983685355523
44,East Haven,2024,2,214.41272226482812,267.8647636361292,0.0026419746444361287,0.008673044029831557,2331.3333333333335,0.5189497231193713
44,East Haven,2025,3,477.7337387580971,612.5532058862384,0.006738541454286811,0.022121206519886263,2331.3333333333335,0.5335893874999597
45,East Lyme,2023,1,0.0,0.0,0.0,0.0,2025.6666666666665,0.22502088337683207
45,East Lyme,2024,2,0.0,0.0,0.0,0.0,2025.6666666666665,0.24159752836451784
45,East Lyme,2025,3,0.0,0.0,0.0,0.0,2025.6666666666665,0.2553758931866215
46,Easton,2023,1,2.2243575650816694,2.6991972248230978,1.907386612057531e-05,6.250149573141972e-05,1160.0000000000002,0.10591106540392024
46,Easton,2024,2,4.317603463967161,5.393960857983155,5.6097315824093706e-05,0.00018382042336668886,1160.0000000000002,0.09315861601712272
46,Easton,2025,3,8.974791212851727,11.507533765321257,0.00013305615047429724,0.0004360001463959942,1160.0000000000002,0.09602623155593723
47,East Windsor,2023,1,58.78298520815403,71.33154895213124,0.0005040640981599207,0.0016513675728609572,908.0000000000001,0.4797800477048852
47,East Windsor,2024,2,71.42514243471236,89.23108057142332,0.0011165346945375791,0.003657886358628541,908.0000000000001,0.495809991629182
47,East Windsor,2025,3,69.45319185984471,89.0533196239718,0.0017120958147357473,0.005609007902777826,908.0000000000001,0.5196092831962398
48,Ellington,2023,1,74.55882036521982,90.47509455095012,0.00063934188463176,0.00209539467607262,2308.333333333333,0.1400044494564759
48,Ellington,2024,2,153.50559180002875,191.77378389679578,0.001955652334317006,0.006409502627748352,2308.333333333333,0.16028867448235276
48,Ellington,2025,3,229.85096010826786,294.7163473451937,0.003926624317245404,0.012869214245258253,2308.333333333333,0.1805402046122319
49,Enfield,2023,1,94.22217745749705,114.33604196667353,0.0008079551716980371,0.0026526383982428117,4007.666666666667,0.44150459702815187
49,Enfield,2024,2,165.57907576024206,206.85712826697096,0.002227795746342112,0.007314188642136328,4007.666666666667,0.4495737004295403
49,Enfield,2025,3,353.35544354119685,453.0745731318631,0.005257818674707874,0.01726220983054835,4007.666666666667,0.4770820220259549
50,Essex,2023,1,2.2931981153218333,2.7827333545715196,1.966417383888472e-05,6.279630446963032e-05,296.1666666666667,0.20707231602421156
50,Essex,2024,2,4.608909063990065,5.757887517146776,5.9185569062599536e-05,0.00018900539862569317,296.1666666666667,0.2246227709190672
50,Essex,2025,3,9.427522108942783,12.088028169014084,0.00014002657114678388,0.00044716606289270426,296.1666666666667,0.22887323943661972
51,Fairfield,2023,1,2.25487505745046,2.7362293692964057,1.9335553617637695e-05,6.33799892987493e-05,8235.0,0.15001234075880174
51,Fairfield,2024,2,4.398330772907382,5.494813089603744,5.705123999531849e-05,0.00018700819494949818,8235.0,0.17125885407207186
51,Fairfield,2025,3,9.157328334840349,11.741584011715924,0.00013557533046657444,0.000444402222148305,8235.0,0.1639499152871754
52,Farmington,2023,1,5.588537300564687,6.781537559115738,4.792170735234218e-05,0.0001570064194156858,3829.333333333333,0.15739756327064314
52,Farmington,2024,2,18.244903296743626,22.79326831693302,0.0002043717531219188,0.0006695854334123737,3829.333333333333,0.14450796621486606
52,Farmington,2025,3,38.644184724710186,49.54981681536098,0.0005357456371363086,0.0017552693518595166,3829.333333333333,0.1743811639400013
53,Franklin,2023,1,0.0,0.0,0.0,0.0,108.0,0.17558886509635974
53,Franklin,2024,2,0.0,0.0,0.0,0.0,108.0,0.18218795017371409
53,Franklin,2025,3,0.0,0.0,0.0,0.0,108.0,0.2589453860640301
54,Glastonbury,2023,1,0.0,0.0,0.0,0.0,5097.666666666667,0.11289685680538426
54,Glastonbury,2024,2,25.712911745783003,32.123014690675575,0.00022048821822008924,0.0007227827398601527,5097.666666666667,0.12987104033538627
54,Glastonbury,2025,3,48.27368991595573,61.8968289634446,0.0006344351092494096,0.002079742628556391,5097.666666666667,0.12744533543050543
55,Goshen,2023,1,2.3026273894108535,2.7941755214482487,1.9745029864198064e-05,6.470232819222163e-05,1335.0,0.22704568159113614
55,Goshen,2024,2,4.661923032328137,5.824117608105424,5.972101986641183e-05,0.00019569932554911858,1335.0,0.26157208131911797
55,Goshen,2025,3,9.464196208349431,12.13505193003823,0.00014087650235300824,0.0004616370677840361,1335.0,0.26387902161778143
56,Granby,2023,1,27.73535652432371,33.65609852262448,0.00023783068219607574,0.0007796364130081604,1547.3333333333335,0.11480390565206298
56,Granby,2024,2,50.74430884557813,63.39461647248176,0.0006729631305469081,0.0022060507767192998,1547.3333333333335,0.127812919755972
56,Granby,2025,3,105.03057095974397,134.6708589698968,0.0015736002765267126,0.00515844324109742,1547.3333333333335,0.13803925270031914
57,Greenwich,2023,1,2.285117046107861,2.7729271975316747,1.9594878670374906e-05,6.422624935003185e-05,7389.0,0.1790371382703819
57,Greenwich,2024,2,4.459571738791418,5.571321128297054,5.783570633051131e-05,0.00018956843564102376,7389.0,0.18802548015580284
57,Greenwich,2025,3,9.276763544654099,11.894724589262935,0.00013738395372592016,0.00045030419514842374,7389.0,0.1977634015305063
58,Griswold,2023,1,88.17339791099037,106.99601299750098,0.0007560868870867424,0.002473328722178335,1432.3333333333335,0.48327303018548784
58,Griswold,2024,2,177.69249866765813,221.99036816824778,0.002279800063161911,0.0074577341220248335,1432.3333333333335,0.4992646733950629
58,Griswold,2025,3,477.04124654500635,611.6652880132351,0.00637042875228534,0.020839092271957876,1432.3333333333335,0.531408231814308
59,Groton,2023,1,0.0,0.0,0.0,0.0,3571.666666666667,0.4686039844882149
59,Groton,2024,2,0.0,0.0,0.0,0.0,3571.666666666667,0.45925734505731647
59,Groton,2025,3,0.0,0.0,0.0,0.0,3571.666666666667,0.546102565385604
60,Guilford,2023,1,0.0,0.0,0.0,0.0,2739.333333333333,0.12324385448331285
60,Guilford,2024,2,0.0,0.0,0.0,0.0,2739.333333333333,0.12235905726467278
60,Guilford,2025,3,0.0,0.0,0.0,0.0,2739.333333333333,0.13609614905403591
61,Haddam,2023,1,31.613219195778047,38.36177908646419,0.00027108335460379677,0.000887872677362263,1618.0,0.15540651071486997
61,Haddam,2024,2,78.50414620063648,98.07484530006874,0.0009442564082742546,0.003092699906109228,1618.0,0.1705494191497531
61,Haddam,2025,3,168.82776344314848,216.47202060407398,0.0023919544797992532,0.00783430997160265,1618.0,0.16764223835167408
62,Hamden,2023,1,121.6532529210137,147.62290372278628,0.0010431766437976923,0.0034239355018563225,4710.333333333333,0.4071008233570743
62,Hamden,2024,2,244.73118696103535,305.7414730677135,0.00314174657198857,0.010311904210686338,4710.333333333333,0.42422866788362
62,Hamden,2025,3,513.7669951193576,658.7552739252035,0.007547298555137062,0.024771896130617598,4710.333333333333,0.47852001620047774
64,Hartford,2023,1,219.71289486212436,266.6156041544161,0.001884038073442716,0.006175654263244368,13911.66666666667,0.8675454840710111
64,Hartford,2024,2,433.010853836659,540.958338617492,0.005597106145092067,0.018346652816631653,13911.66666666667,0.8840308064665205
64,Hartford,2025,3,920.7835292364667,1180.634435045923,0.013492824908294763,0.044227886284620745,13911.66666666667,0.8619511073152452
65,Hartland,2023,1,0.0,0.0,0.0,0.0,21.0,0.19998222380232866
65,Hartland,2024,2,0.0,0.0,0.0,0.0,21.0,0.19006523860892793
65,Hartland,2025,3,0.0,0.0,0.0,0.0,21.0,0.1611827478879502
66,Harwinton,2023,1,40.66265941695305,49.34302792641913,0.0003486823045003724,0.001143359132348016,1931.0,0.19334722165488885
66,Harwinton,2024,2,84.25844356525825,105.263660810571,0.001071198458072462,0.003512551465292253,1931.0,0.19383813150961682
66,Harwinton,2025,3,144.63420365344678,185.45088600824783,0.002311436754400768,0.007579399034246529,1931.0,0.21815929851229432
67,Hebron,2023,1,0.0,0.0,0.0,0.0,709.5,0.16632651421408715
67,Hebron,2024,2,0.0,0.0,0.0,0.0,709.5,0.1610547507204042
67,Hebron,2025,3,0.0,0.0,0.0,0.0,709.5,0.1785342577618369
68,Kent,2023,1,2.330841433812375,2.8284124946512623,1.9986965294941112e-05,6.592798910277364e-05,141.0,0.2738553701326487
68,Kent,2024,2,4.919273736731922,6.145624582498329,6.216973758741734e-05,0.00020506994041876746,141.0,0.30830892554339445
68,Kent,2025,3,9.56886712441454,12.269261637239165,0.000144222773179272,0.0004757259182784233,141.0,0.2959470304975923
69,Killingly,2023,1,0.0,0.0,0.0,0.0,2000.4999999999998,0.4814282992476521
69,Killingly,2024,2,0.0,0.0,0.0,0.0,2000.4999999999998,0.5183795240088017
69,Killingly,2025,3,0.0,0.0,0.0,0.0,2000.4999999999998,0.5108220787645908
70,Killingworth,2023,1,30.81531149824936,37.393539862409696,0.00026424129609748824,0.0008654630505759037,1618.0,0.07037499820471943
70,Killingworth,2024,2,60.04588952820111,75.01503565598419,0.0007791347988018127,0.002551881139472164,1618.0,0.08878196866855687
70,Killingworth,2025,3,134.7048530454351,172.71941018006524,0.0019342289136664186,0.006335132626341092,1618.0,0.10775556500779811
71,Lebanon,2023,1,0.0,0.0,0.0,0.0,759.6666666666666,0.3075757749647091
71,Lebanon,2024,2,0.0,0.0,0.0,0.0,759.6666666666666,0.28901734104046245
71,Lebanon,2025,3,0.0,0.0,0.0,0.0,759.6666666666666,0.29906542056074764
72,Ledyard,2023,1,38.212758476909436,46.3701399688958,0.0003276744039394983,0.001074174122985665,2114.0,0.20902021772939347
72,Ledyard,2024,2,141.1909840529501,176.38920476082177,0.0015383870921935453,0.005043102499622111,2114.0,0.24006266899148407
72,Ledyard,2025,3,366.6817811618357,470.16168708254463,0.004682683365656287,0.015350656740500684,2114.0,0.32145626777182024
73,Lisbon,2023,1,0.0,0.0,0.0,0.0,522.6666666666666,0.33694171625206104
73,Lisbon,2024,2,0.0,0.0,0.0,0.0,522.6666666666666,0.3454773869346734
73,Lisbon,2025,3,0.0,0.0,0.0,0.0,522.6666666666666,0.365530637471305
74,Litchfield,2023,1,31.258936281695107,37.93186643505115,0.0002680453786155355,0.0008783557268271097,1335.0,0.18215595444894808
74,Litchfield,2024,2,55.5994119858309,69.46007304313493,0.0007448103363940354,0.0024406629495003357,1335.0,0.18507551080840984
74,Litchfield,2025,3,54.1055496930984,69.3744762655888,0.0012087654250123542,0.003960993615834981,1335.0,0.2587864149455316
75,Lyme,2023,1,2.233656393680769,2.710481099656357,1.9153603575812588e-05,6.275573995352527e-05,1064.3333333333335,0.12457044673539518
75,Lyme,2024,2,4.320842010419171,5.398006758201805,5.620482381515696e-05,0.0001841520470817229,1064.3333333333335,0.11976560160828094
75,Lyme,2025,3,9.046238084786706,11.599143394082427,0.00013377631539220297,0.00043831081850808875,1064.3333333333335,0.1311131506490101
76,Madison,2023,1,0.0,0.0,0.0,0.0,2104.0,0.035152258328223995
76,Madison,2024,2,0.0,0.0,0.0,0.0,2104.0,0.037460424873722115
76,Madison,2025,3,0.0,0.0,0.0,0.0,2104.0,0.03814070228106006
77,Manchester,2023,1,119.04031771036495,144.45217812545332,0.0010207707243663792,0.0033370223790403727,5193.666666666667,0.5746583391335941
77,Manchester,2024,2,238.1502199424478,297.5199032079091,0.0030629088603728685,0.010013017779648574,5193.666666666667,0.5316880460430885
77,Manchester,2025,3,488.83109485927605,626.7823057072172,0.007254635498791162,0.02371627676359346,5193.666666666667,0.57917270943525
78,Mansfield,2023,1,90.26932788523807,109.53936684434764,0.0007740594866159164,0.0025430936154299025,1253.1666666666667,0.2776663291364959
78,Mansfield,2024,2,199.44707423909261,249.16825286600906,0.0024843181482161357,0.008161974280614912,1253.1666666666667,0.27342563256803093
78,Mansfield,2025,3,598.0268867190357,766.7938371239911,0.007612398701831866,0.025009760711506318,1253.1666666666667,0.3030399693770136
79,Marlborough,2023,1,54.0219418470127,65.55415271449745,0.0004632381513381338,0.0014759551431457213,482.0,0.14711533183290332
79,Marlborough,2024,2,110.3354802719609,137.84157503127673,0.0014093648946701984,0.004490475058776248,482.0,0.13608129760101842
79,Marlborough,2025,3,139.31847205128335,178.63502149970248,0.0026040207925099525,0.008296850918822565,482.0,0.17177307990254964
80,Meriden,2023,1,167.556886417184,203.32571072072963,0.0014368003010273524,0.004714201656560622,7872.333333333334,0.7449439412572598
80,Meriden,2024,2,331.72577046931326,414.423380106263,0.004281348782801714,0.014047283752492345,7872.333333333334,0.765160993508643
80,Meriden,2025,3,703.2301404246592,901.6861109972288,0.010311547236943164,0.03383261614807748,7872.333333333334,0.7751877858061743
81,Middlebury,2023,1,12.141719381202966,14.733645243371912,0.00010411524369381543,0.0003411979273767715,3198.3333333333335,0.14446359681523435
81,Middlebury,2024,2,21.840671777198907,27.285444265885076,0.000291399004183296,0.0009549488887466509,3198.3333333333335,0.16736471352323537
81,Middlebury,2025,3,69.17725973605668,88.69951771859928,0.0008845940064199819,0.0028989188408185132,3198.3333333333335,0.19542881107150345
82,Middlefield,2023,1,55.45737182094856,67.29600782938466,0.0004755469633646338,0.0015574114302370392,1230.6666666666667,0.18554010520735637
82,Middlefield,2024,2,117.30966259408338,146.55438684364304,0.0014814773201088987,0.00485182303688773,1230.6666666666667,0.1961766424576342
82,Middlefield,2025,3,258.78083987201416,331.8104212141514,0.0037005230220114203,0.012119174963413307,1230.6666666666667,0.21395690605346762
83,Middletown,2023,1,105.65626143442162,128.2109909512249,0.0009060024418001655,0.00296825532504113,3933.0,0.38026925623482677
83,Middletown,2024,2,215.7612401859683,269.5494604693663,0.0027561550763948437,0.009029746063259056,3933.0,0.5016785152258215
83,Middletown,2025,3,444.0739601175301,569.3944259154131,0.006564089284402665,0.02150534267188116,3933.0,0.4814345018450185
84,Milford,2023,1,8.003603204755855,9.712154150930797,6.863089748078145e-05,0.00022515454653946349,4493.0,0.27285812861244874
84,Milford,2024,2,7.813718817171946,9.76164064320671,0.0001356335363380309,0.0004449673323634564,4493.0,0.27723141458867395
84,Milford,2025,3,69.91792885532274,89.64920832384476,0.0007351797762724234,0.002411873882283914,4493.0,0.296608016320969
85,Monroe,2023,1,8.114986539940341,9.847314789643336,6.958600957998841e-05,0.00022794616152772135,3037.0,0.10067485010799394
85,Monroe,2024,2,7.722038571397256,9.6471049612512,0.00013580249032971986,0.00044485459912716987,3037.0,0.11589520264100582
85,Monroe,2025,3,7.351516224955086,9.426160361684545,0.00019884174195870975,0.0006513552379932443,3037.0,0.13097052591243277
86,Montville,2023,1,85.84221461456256,104.1671856618919,0.000736096990319874,0.0024187561435602975,1896.6666666666667,0.42765206560099644
86,Montville,2024,2,141.45658894525204,176.7210236517231,0.0019490872405254099,0.00640454559569273,1896.6666666666667,0.43065807495380887
86,Montville,2025,3,397.5359644826697,509.72311508072204,0.005357958135964303,0.0176058241355815,1896.6666666666667,0.4595751665276087
87,Morris,2023,1,2.3213033862069494,2.8168383340797134,1.990517653672459e-05,6.522711152432949e-05,1335.0,0.2463054187192118
87,Morris,2024,2,4.528530984969465,5.657471576754087,5.873732973283776e-05,0.0001924758793300087,1335.0,0.24459845087647777
87,Morris,2025,3,9.609498621369156,12.321359598300502,0.00014113878041107825,0.00046249652462495157,1335.0,0.29451525685592894
88,Naugatuck,2023,1,144.66042902446924,175.54148428929847,0.0012404631788848234,0.004064564620088184,3708.3333333333335,0.5389319112424107
88,Naugatuck,2024,2,278.3880986774571,347.7888880084465,0.003627641125044018,0.011886513055942833,3708.3333333333335,0.5461122164232006
88,Naugatuck,2025,3,560.448323815525,718.6103673129991,0.008433485501762143,0.027633586694048733,3708.3333333333335,0.5803420442085354
89,New Britain,2023,1,204.21352742293644,247.80754458921146,0.0017511309976516798,0.005732045894558331,8732.0,0.7370678341668795
89,New Britain,2024,2,399.8500033939244,499.5306505960466,0.005179844776754582,0.016955389417960275,8732.0,0.7486982110462602
89,New Britain,2025,3,815.2947542885958,1045.3760640392866,0.012170997294779289,0.03983980362964096,8732.0,0.7380414225748421
90,New Canaan,2023,1,2.1489798252729706,2.6077283938675824,1.842750200171572e-05,6.042618712879916e-05,3768.666666666667,0.0007254437297480292
90,New Canaan,2024,2,4.1563020430353195,5.192447782939441,5.406779202074358e-05,0.00017729535549540335,3768.666666666667,0.0011942152214672126
90,New Canaan,2025,3,8.674884755944447,11.1229918191692,0.00012845492880296722,0.0004212204977506975,3768.666666666667,0.0012041258166983352
91,New Fairfield,2023,1,0.0,0.0,0.0,0.0,1857.0,0.14653528137176242
91,New Fairfield,2024,2,0.0,0.0,0.0,0.0,1857.0,0.16498896099870775
91,New Fairfield,2025,3,0.0,0.0,0.0,0.0,1857.0,0.16146522526309756
92,New Hartford,2023,1,0.0,0.0,0.0,0.0,475.5,0.18507672484479323
92,New Hartford,2024,2,29.016971173923928,36.25075994949258,0.00024882052781639765,0.0007933829142851216,475.5,0.19407940887621006
92,New Hartford,2025,3,200.02367005192133,256.47160835227675,0.0019640234985116227,0.006262436225211328,475.5,0.21091607883574326
93,New Haven,2023,1,176.95887810436344,214.7347711470882,0.0015174223797449165,0.004981229101515609,15705.333333333332,0.7071702444344352
93,New Haven,2024,2,355.6230558793303,444.2781417094152,0.004566890083910173,0.014991689916436148,15705.333333333332,0.7736619904612109
93,New Haven,2025,3,749.7451819199874,961.327989889777,0.010995955018874067,0.03609632484014086,15705.333333333332,0.7869255376723816
94,Newington,2023,1,74.80083265083304,90.76876985745432,0.0006414171399808932,0.00210397920471151,3401.6666666666665,0.31797102762798146
94,Newington,2024,2,159.89261581288022,199.75306170955355,0.002012496320576341,0.0066013989089489895,3401.6666666666665,0.32424723851937104
94,Newington,2025,3,336.81215032456447,431.8626584739045,0.004900660509609482,0.016075167249001803,3401.6666666666665,0.3473677301437436
95,New London,2023,1,194.4597880667658,235.97164796219727,0.0016674926826725164,0.0054420700549036695,2584.6666666666665,0.8570767441435626
95,New London,2024,2,381.6515043104538,476.7953548354469,0.004940154332134659,0.016122808955553663,2584.6666666666665,0.8768159002693032
95,New London,2025,3,761.8915470310512,976.902135663924,0.01147337434792592,0.03744478618489392,2584.6666666666665,0.8598958399979526
96,New Milford,2023,1,0.0,0.0,0.0,0.0,3038.9999999999995,0.32788055701249735
96,New Milford,2024,2,70.04451730703539,87.50627236233528,0.0006006317359078286,0.0019701978555851634,3038.9999999999995,0.36597870669342875
96,New Milford,2025,3,226.84975493647048,290.8681831893903,0.0025458683844880622,0.008350981361547912,3038.9999999999995,0.33825681820721093
97,Newtown,2023,1,0.0,0.0,0.0,0.0,3507.0,0.12644795303078388
97,Newtown,2024,2,0.0,0.0,0.0,0.0,3507.0,0.13577057259871342
97,Newtown,2025,3,0.0,0.0,0.0,0.0,3507.0,0.1327698547297382
99,North Branford,2023,1,0.0,0.0,0.0,0.0,1413.5,0.20276474974885522
99,North Branford,2024,2,0.0,0.0,0.0,0.0,1413.5,0.22272983250969697
99,North Branford,2025,3,0.0,0.0,0.0,0.0,1413.5,0.23768777334093932
100,North Canaan,2023,1,83.20855464027552,100.97131112925477,0.0007135133560403626,0.0023462671662372613,316.5,0.4138630028998564
100,North Canaan,2024,2,157.20539887403714,196.3959347510462,0.002061549651385231,0.006779054964654959,316.5,0.3672388760782304
100,North Canaan,2025,3,193.34522650423654,247.9084660125727,0.003719484968659059,0.012230892923585457,316.5,0.3936313965101933
101,North Haven,2023,1,27.09978209131179,32.8848462866148,0.00023238063143299855,0.0007612836163278534,2875.0,0.20730670135327814
101,North Haven,2024,2,54.3623730795631,67.91464639710388,0.0006985379805902521,0.0022884244557164427,2875.0,0.23108048007514004
101,North Haven,2025,3,106.43764921508787,136.4750235626767,0.0016112408226096303,0.00527845729933387,2875.0,0.24652546457616348
102,North Stonington,2023,1,6.979178413429102,8.469042612931451,5.984645489515455e-05,0.0001967459936626248,659.5,0.1958915022266334
102,North Stonington,2024,2,90.88056804508173,113.53664848508978,0.0008391473258817302,0.002758707675319673,659.5,0.2003954824753487
102,North Stonington,2025,3,90.79142839177103,116.41334077208835,0.0016176838243411667,0.005318156472418333,659.5,0.2054729279211855
103,Norwalk,2023,1,25.825825496129653,31.338934711856606,0.00022145645362931177,0.0007259170607529979,9549.666666666666,0.5332699555453309
103,Norwalk,2024,2,49.673426005519914,62.05676778605968,0.0006474060816266451,0.0021221468698974315,9549.666666666666,0.48973444471160266
103,Norwalk,2025,3,104.1140265411718,133.49565994921844,0.0015401838592171934,0.005048603108101839,9549.666666666666,0.5031759555281871
104,Norwich,2023,1,170.35058118390742,206.7157831082443,0.001460756233652006,0.0047864885542601475,4095.0,0.6190284216891756
104,Norwich,2024,2,342.9870472666279,428.4920380463824,0.00440187016396334,0.014423694160437943,4095.0,0.7025312499369859
104,Norwich,2025,3,728.2383905564612,933.7518466759832,0.010646514362984994,0.034885642085395296,4095.0,0.7362747055300459
105,Old Lyme,2023,1,2.256619548020606,2.7383462610136307,1.9350512624276692e-05,6.340090173684182e-05,1064.3333333333335,0.15155508697944123
105,Old Lyme,2024,2,4.363154279397704,5.450867268572285,5.6764560570111984e-05,0.00018598599410361624,1064.3333333333335,0.13580339414827858
105,Old Lyme,2025,3,9.03155484862817,11.580316456288422,0.00013421014339709856,0.0004397322323612063,1064.3333333333335,0.12257768711811436
106,Old Saybrook,2023,1,2.3580971950239076,2.86148661734516,2.0220683447330003e-05,6.658583379517554e-05,873.0000000000001,0.26823410930782043
106,Old Saybrook,2024,2,4.5303846625733195,5.659787367104441,5.906873192889621e-05,0.00019451077293970522,873.0000000000001,0.24636610002463663
106,Old Saybrook,2025,3,9.446188023793946,12.111961722488038,0.00014006979423292925,0.00046124375878846887,873.0000000000001,0.23923444976076555
107,Orange,2023,1,0.0,0.0,0.0,0.0,1410.0,0.13789347188961606
107,Orange,2024,2,0.0,0.0,0.0,0.0,1410.0,0.1285228643491611
107,Orange,2025,3,0.0,0.0,0.0,0.0,1410.0,0.13640000174871797
108,Oxford,2023,1,0.0,0.0,0.0,0.0,1475.3333333333335,0.1316625805865795
108,Oxford,2024,2,0.0,0.0,0.0,0.0,1475.3333333333335,0.14254645436823188
108,Oxford,2025,3,0.0,0.0,0.0,0.0,1475.3333333333335,0.1629106706489275
109,Plainfield,2023,1,0.0,0.0,0.0,0.0,1696.6666666666667,0.5663156637538069
109,Plainfield,2024,2,0.0,0.0,0.0,0.0,1696.6666666666667,0.5483634464542176
109,Plainfield,2025,3,0.0,0.0,0.0,0.0,1696.6666666666667,0.5765856104286788
110,Plainville,2023,1,95.14167989610563,115.4518330919278,0.0008158399051091057,0.002677874258495584,1992.3333333333335,0.36948055890439474
110,Plainville,2024,2,189.92270935773962,237.26951047432976,0.002444427137851723,0.008023471845675112,1992.3333333333335,0.39162053619884946
110,Plainville,2025,3,416.61497641111356,534.1863442265031,0.006016900560577021,0.019749589381683974,1992.3333333333335,0.39238208808649067
111,Plymouth,2023,1,0.0,0.0,0.0,0.0,1135.333333333333,0.4239221218565543
111,Plymouth,2024,2,59.153867272243794,73.90063662114031,0.0005072444118594906,0.0016622084793002747,1135.333333333333,0.4571332417197184
111,Plymouth,2025,3,384.50851380708906,493.01923585168464,0.0038044049177552793,0.012466798973304794,1135.333333333333,0.4914320816577261
112,Pomfret,2023,1,0.0,0.0,0.0,0.0,479.5,0.1548768189021755
112,Pomfret,2024,2,22.068032818184275,27.569485300672124,0.00018923338141593014,0.0006217312555415828,479.5,0.18897862402167906
112,Pomfret,2025,3,22.461888502463673,28.80077477511035,0.0003818440753245561,0.0012545587601737256,479.5,0.1620322947125324
113,Portland,2023,1,24.44270898861774,29.660560561365156,0.00020959622957739707,0.0006879278737380541,1182.0000000000002,0.21702261054086858
113,Portland,2024,2,100.65498037285388,125.74777392673641,0.0010727126862746191,0.0035208121772449855,1182.0000000000002,0.2329564363347105
113,Portland,2025,3,280.7995722656716,360.0429784380731,0.003480569018452753,0.011423776320263342,1182.0000000000002,0.26255624762689544
114,Preston,2023,1,0.0,0.0,0.0,0.0,553.0,0.20494827105638538
114,Preston,2024,2,0.0,0.0,0.0,0.0,553.0,0.2353870458135861
114,Preston,2025,3,0.0,0.0,0.0,0.0,553.0,0.3027913578299953
115,Prospect,2023,1,62.9924948672609,76.43967408816805,0.0005401606434867622,0.0017706354376836589,1719.9999999999998,0.18566540332356415
115,Prospect,2024,2,125.09321569947134,156.27834161088316,0.001612834968109729,0.005286839728338086,1719.9999999999998,0.1958848752197921
115,Prospect,2025,3,259.9541806376922,333.31488612693215,0.0038419420670779397,0.012593806778635698,1719.9999999999998,0.23059008001475775
116,Putnam,2023,1,0.0,0.0,0.0,0.0,1048.3333333333335,0.49410693885891016
116,Putnam,2024,2,0.0,0.0,0.0,0.0,1048.3333333333335,0.5290108478447045
116,Putnam,2025,3,0.0,0.0,0.0,0.0,1048.3333333333335,0.5843418038847908
117,Redding,2023,1,2.2153485034996585,2.6882649743602407,1.899661341750957e-05,6.231005899919105e-05,1105.3333333333333,0.10041896107530598
117,Redding,2024,2,4.364550028919931,5.452610971613398,5.642262991549798e-05,0.00018506969224755133,1105.3333333333333,0.10128952632250926
117,Redding,2025,3,8.933612096985513,11.454733643845678,0.00013302835364714877,0.0004363411720890705,1105.3333333333333,0.10350411512328676
118,Ridgefield,2023,1,1.3552950697073933,1.6446135946835994,1.1621655222740896e-05,3.807450042284482e-05,4031.0000000000005,0.08041209555673874
118,Ridgefield,2024,2,2.5196147561367477,3.1477423726427136,3.322735175661351e-05,0.0001088584022034707,4031.0000000000005,0.07061960453021464
118,Ridgefield,2025,3,4.236000380347942,5.431426341925863,6.955105501809709e-05,0.00022786097358266824,4031.0000000000005,0.07110133281460664
119,Rocky Hill,2023,1,53.09173941908953,64.42537744410528,0.00045526166551869266,0.0014943314155742087,2352.6666666666665,0.18637826161957835
119,Rocky Hill,2024,2,110.43204229819308,137.96220949764464,0.001402216428225698,0.004602575219559935,2352.6666666666665,0.19970287198859268
119,Rocky Hill,2025,3,236.16432944298015,302.8113892318629,0.003427325553199253,0.011249706780628583,2352.6666666666665,0.22636285404272835
120,Roxbury,2023,1,2.2862646290584814,2.7743197581362264,1.960471919417647e-05,6.43011626453718e-05,554.5,0.21933724583555636
120,Roxbury,2024,2,4.564661492138194,5.702609242376611,5.874669148926148e-05,0.00019268220712136353,554.5,0.23263124803520904
120,Roxbury,2025,3,9.09676447944814,11.663928655245249,0.00013675144690052926,0.00044852858855294787,554.5,0.18774935461159353
121,Salem,2023,1,0.0,0.0,0.0,0.0,533.1666666666666,0.18184997377163842
121,Salem,2024,2,0.0,0.0,0.0,0.0,533.1666666666666,0.18492274722615878
121,Salem,2025,3,0.0,0.0,0.0,0.0,533.1666666666666,0.23011176857330706
122,Salisbury,2023,1,2.2821724480565617,2.769354008124964,1.956962874208502e-05,6.410549023832285e-05,357.16666666666663,0.18881959146306573
122,Salisbury,2024,2,4.471272348276689,5.58593864241219,5.7910789128557624e-05,0.00018970209277351834,357.16666666666663,0.19009738835434153
122,Salisbury,2025,3,9.263781550858333,11.878078995131226,0.00013734771592716785,0.000449918737788324,357.16666666666663,0.22759355823802252
124,Seymour,2023,1,98.81297944200494,119.90685493794199,0.0008473212987151924,0.002773115642120385,1874.3333333333333,0.3677511921732145
124,Seymour,2024,2,198.68473788845247,248.2158697974184,0.0025510429261086723,0.008349060802365587,1874.3333333333333,0.43313358799355506
124,Seymour,2025,3,422.8676213151808,542.2035248661022,0.006177132778886347,0.020216538352757867,1874.3333333333333,0.4637496949015166
125,Sharon,2023,1,2.4061702846352246,2.9198220001561404,2.063291019074705e-05,6.953926482214804e-05,20.0,0.3669295026934187
125,Sharon,2024,2,4.7518653337471015,5.936482084690554,6.138015542762845e-05,0.00020687003644404077,20.0,0.3745928338762215
125,Sharon,2025,3,9.82939006045629,12.603305785123966,0.00014566717519604115,0.0004909432638539964,20.0,0.4214876033057851
126,Shelton,2023,1,30.954602571438514,37.56256577986869,0.0002654357170500852,0.0008715290670046369,4177.666666666667,0.2932992240426918
126,Shelton,2024,2,59.23017197802216,73.99596371629468,0.0007733344417616251,0.0025391588291182625,4177.666666666667,0.31921776650398703
126,Shelton,2025,3,148.60208592397734,190.53852962268255,0.0020475973285597306,0.006723061271457008,4177.666666666667,0.35360724614897593
127,Sherman,2023,1,1.7313701726992656,2.1009704728474086,1.48464992308962e-05,4.670842082263859e-05,164.0,0.07485029940119761
127,Sherman,2024,2,2.4299572431852527,3.0357336808949715,3.568338259120974e-05,0.00011226312846714304,164.0,0.07602910828717281
127,Sherman,2025,3,2.4272996384669625,3.1122988697733978,5.6497476991063934e-05,0.00017774613999401798,164.0,0.06959523411836757
128,Simsbury,2023,1,42.52998044614714,51.60897105488798,0.0003646945823257117,0.0011949073655163575,3769.0000000000005,0.119454466839782
128,Simsbury,2024,2,75.32112924953867,94.09831781490156,0.0010105732656405055,0.003311103309533931,3769.0000000000005,0.12872877910915811
128,Simsbury,2025,3,141.62230870321835,181.58901535127671,0.0022249845627706024,0.007290073861970132,3769.0000000000005,0.13088377712362523
129,Somers,2023,1,0.0,0.0,0.0,0.0,1239.3333333333333,0.05440776413499008
129,Somers,2024,2,0.0,0.0,0.0,0.0,1239.3333333333333,0.05840509172594534
129,Somers,2025,3,30.253657707211328,38.791430277694836,0.0002594251148393372,0.0008496926125931784,1239.3333333333333,0.0634517766497462
130,Southbury,2023,1,41.407031651666905,50.24630332679355,0.00035506529641304364,0.0011635908337862908,3198.3333333333335,0.10319260070833439
130,Southbury,2024,2,80.44614727425781,100.50097772855486,0.001044891009289804,0.0034242310160916578,3198.3333333333335,0.11940401820478655
130,Southbury,2025,3,153.80689326997324,197.2121663519997,0.0023637851190798248,0.007746402493816566,3198.3333333333335,0.13943498519044567
131,Southington,2023,1,55.855693796653355,67.77936068069162,0.00047896257430630253,0.0015693055174144355,5483.666666666667,0.22296163303540065
131,Southington,2024,2,118.50552013294511,148.0483658090984,0.0014951474094463068,0.0048988025471306965,5483.666666666667,0.22820807895609432
131,Southington,2025,3,254.42900275017112,326.2304682733994,0.003676876108029024,0.012047166673797747,5483.666666666667,0.2531295499467224
132,South Windsor,2023,1,0.0,0.0,0.0,0.0,4713.333333333333,0.1546659256868025
132,South Windsor,2024,2,0.0,0.0,0.0,0.0,4713.333333333333,0.1536153400158995
132,South Windsor,2025,3,0.0,0.0,0.0,0.0,4713.333333333333,0.1605968391086679
133,Sprague,2023,1,136.26388697560026,165.35250957039557,0.0011684628308157722,0.003834274263887361,334.99999999999994,0.5689068481497235
133,Sprague,2024,2,268.43024113016196,335.3485853526465,0.0034702521485069113,0.011387523977061593,334.99999999999994,0.5712738594828752
133,Sprague,2025,3,377.5610165174772,484.1111111111111,0.0067078378651442795,0.02201156032896265,334.99999999999994,0.547979797979798
134,Stafford,2023,1,0.0,0.0,0.0,0.0,1150.6666666666667,0.2964887973179609
134,Stafford,2024,2,1.4378689924802535,1.7963226889807669,1.2329726610518171e-05,4.0493570324167416e-05,1150.6666666666667,0.33936811209730905
134,Stafford,2025,3,1.484257676961455,1.9031245328150697,2.5057236190462646e-05,8.229354858056579e-05,1150.6666666666667,0.4073852593810734
135,Stamford,2023,1,25.652533721034875,31.12864987017319,0.00021997047665787403,0.0007207769615207824,14087.0,0.5374911353465632
135,Stamford,2024,2,50.008098808056495,62.4748728788917,0.0006487899239369585,0.002125889060866574,14087.0,0.5204316681374198
135,Stamford,2025,3,103.35034453731278,132.51646207854358,0.0015350191283444155,0.005029795088934555,14087.0,0.5093371169566451
136,Sterling,2023,1,0.0,0.0,0.0,0.0,402.83333333333337,0.3229628941192872
136,Sterling,2024,2,0.0,0.0,0.0,0.0,402.83333333333337,0.38252237072793094
136,Sterling,2025,3,0.0,0.0,0.0,0.0,402.83333333333337,0.3734231977776766
137,Stonington,2023,1,0.0,0.0,0.0,0.0,1505.6666666666667,0.2359229955844142
137,Stonington,2024,2,0.0,0.0,0.0,0.0,1505.6666666666667,0.24221715200207616
137,Stonington,2025,3,0.0,0.0,0.0,0.0,1505.6666666666667,0.25765896836458746
138,Stratford,2023,1,84.05942109780173,102.00381436385295,0.0007208095359136499,0.002366211203417897,5795.333333333333,0.49716893840141935
138,Stratford,2024,2,163.20885252971988,203.8960199954921,0.0021203254463559975,0.00696042099346012,5795.333333333333,0.46586280806883
138,Stratford,2025,3,352.07311399664866,451.4303621210235,0.005139352398877259,0.016871021564832393,5795.333333333333,0.46433937302605105
139,Suffield,2023,1,32.13792143975856,38.99849094567404,0.0002755826763459296,0.0009023346843406963,1782.0,0.14285714285714285
139,Suffield,2024,2,93.1630311106868,116.38811841242624,0.001074455668120069,0.0035180680766529397,1782.0,0.1447375056735085
139,Suffield,2025,3,180.5349702152386,231.48307479266686,0.00262254303771574,0.008586938683825852,1782.0,0.14611323521176237
140,Thomaston,2023,1,74.35118552124241,90.22313533205545,0.0006375614158446537,0.002087191543393295,761.6666666666667,0.32405985576159363
140,Thomaston,2024,2,121.8899079954239,152.27646498744915,0.0016827673769054135,0.005508893341548891,761.6666666666667,0.3440664762399377
140,Thomaston,2025,3,125.56215958085146,160.99659109107964,0.002759462895311214,0.00903368283629713,761.6666666666667,0.3683451920657073
141,Thompson,2023,1,0.0,0.0,0.0,0.0,845.6666666666665,0.4207075821319331
141,Thompson,2024,2,0.0,0.0,0.0,0.0,845.6666666666665,0.4263798423037367
141,Thompson,2025,3,0.0,0.0,0.0,0.0,845.6666666666665,0.43866573445499446
142,Tolland,2023,1,0.0,0.0,0.0,0.0,1806.3333333333333,0.14450677211282037
142,Tolland,2024,2,0.0,0.0,0.0,0.0,1806.3333333333333,0.15822987807746422
142,Tolland,2025,3,0.0,0.0,0.0,0.0,1806.3333333333333,0.14090913144681572
143,Torrington,2023,1,152.93342640056224,185.5805409180825,0.0013114041313848207,0.004301693629606444,3675.5000000000005,0.6243018463547709
143,Torrington,2024,2,301.22707445835516,376.3215085760139,0.0038944262948652163,0.012774573743261759,3675.5000000000005,0.6068407502758367
143,Torrington,2025,3,629.7236999281846,807.4356904670575,0.009294307021749396,0.030487368729612177,3675.5000000000005,0.6624511398160198
144,Trumbull,2023,1,0.0,0.0,0.0,0.0,6205.666666666667,0.17168337253214427
144,Trumbull,2024,2,0.0,0.0,0.0,0.0,6205.666666666667,0.17497903204848028
144,Trumbull,2025,3,37.48808328136854,48.067456270155226,0.00032146031413773517,0.0010541830987788182,6205.666666666667,0.17200110835332888
146,Vernon,2023,1,124.53097971280079,151.11494668032472,0.0010678531510372668,0.0034962911035137136,2674.0,0.5355652004002677
146,Vernon,2024,2,248.62210079745444,310.6023726641173,0.0031997876653754387,0.010476523983394263,2674.0,0.5337441217442059
146,Vernon,2025,3,536.3015937038658,687.6492780250261,0.007798573831386086,0.02553355232438555,2674.0,0.5535587405498128
147,Voluntown,2023,1,0.0,0.0,0.0,0.0,122.0,0.29839253056117043
147,Voluntown,2024,2,0.0,0.0,0.0,0.0,122.0,0.30856177731583734
147,Voluntown,2025,3,0.0,0.0,0.0,0.0,122.0,0.31516242986770104
148,Wallingford,2023,1,31.040516420883396,37.66681989244298,0.000266172428309075,0.0008729831354692333,4453.666666666667,0.31542086636096256
148,Wallingford,2024,2,112.05251265393875,139.98665517528983,0.0012270227243165997,0.004024346743841102,4453.666666666667,0.32120251698221614
148,Wallingford,2025,3,289.4900238039214,371.18593008346534,0.0037093996784352255,0.0121659609245055,4453.666666666667,0.35095713013467794
149,Warren,2023,1,2.261141783667748,2.743833870604993,1.938929079495093e-05,6.353660972192654e-05,1335.0,0.1799235324986881
149,Warren,2024,2,4.592753874484481,5.737704918032787,5.877215526865537e-05,0.00019258999884582805,1335.0,0.22950819672131148
149,Warren,2025,3,9.34091746404028,11.976983148376489,0.00013887052252280075,0.00045506368875074325,1335.0,0.2466091245376079
150,Washington,2023,1,2.355887784194391,2.8588055575761984,2.02017377494669e-05,6.625931296855715e-05,554.5,0.29824689023059575
150,Washington,2024,2,4.637345169883142,5.793412604946244,5.996697258121483e-05,0.00019668458492589093,554.5,0.2773240132203776
150,Washington,2025,3,9.531364075660495,12.221174992145775,0.00014169841953000356,0.0004647540742892862,554.5,0.27489789506754636
151,Waterbury,2023,1,201.3750649607347,244.3631478244952,0.0017267911820383003,0.0056495079620784185,16178.666666666664,0.7269842791828837
151,Waterbury,2024,2,393.84231902532474,492.02527994267746,0.005103989067680461,0.016698618325225158,16178.666666666664,0.7764414659898939
151,Waterbury,2025,3,819.0823328038031,1050.232521044118,0.012127620071473073,0.03967769054389895,16178.666666666664,0.8076680558692829
152,Waterford,2023,1,1.9978890937256102,2.424383912885203,1.7131898978697103e-05,5.625755823051314e-05,2024.6666666666667,0.2880612842468464
152,Waterford,2024,2,3.8600107124227256,4.822292474972458,5.023149083772196e-05,0.0001649496663692995,2024.6666666666667,0.3061582922195079
152,Waterford,2025,3,7.672104936854565,9.83722122532684,0.00011601979067124986,0.00038098462626331487,2024.6666666666667,0.30120481927710846
153,Watertown,2023,1,87.89589500977607,106.65927079714773,0.0007537072997088299,0.0024690998100925818,2352.666666666666,0.35149056653107574
153,Watertown,2024,2,179.3041199211755,224.00375870582602,0.0022912401280329097,0.007505964937832066,2352.666666666666,0.3570770534694329
153,Watertown,2025,3,364.1375641288612,466.89947599385266,0.005413719740437895,0.017735020462417674,2352.666666666666,0.3992075101375748
154,Westbrook,2023,1,2.443912513115563,2.9656211648102406,2.0956549799965955e-05,6.855688557343293e-05,484.83333333333326,0.36041074396855727
154,Westbrook,2024,2,4.734565280865206,5.914869213368592,6.15554470833851e-05,0.0002013713985555005,484.83333333333326,0.27718482174148534
154,Westbrook,2025,3,9.942928193904564,12.748885094248909,0.0001468160563461167,0.0004802914445048468,484.83333333333326,0.3448333029393723
155,West Hartford,2023,1,44.769781093347646,54.326908038575496,0.0003839008728754561,0.00125779601955256,7988.333333333333,0.23880481104326637
155,West Hartford,2024,2,94.15494321376016,117.62730934396707,0.0011912795109334494,0.0039030560566417757,7988.333333333333,0.24712663733293572
155,West Hartford,2025,3,206.83838851334463,265.20948324386086,0.00296491869243538,0.009714129852609214,7988.333333333333,0.2609614302156581
156,West Haven,2023,1,155.2290323342194,188.36619609451873,0.0013310889522659313,0.004364353513129322,5150.0,0.5573738328591941
156,West Haven,2024,2,305.44151335043387,381.586586439683,0.003950249929245901,0.01295201731416583,5150.0,0.5782213090695627
156,West Haven,2025,3,637.2259259192336,817.055091839141,0.00941446224400333,0.03086799067702765,5150.0,0.5776156468625631
157,Weston,2023,1,1.6803817538246755,2.039097417505536,1.4409273539046591e-05,4.7314437757288e-05,1941.3333333333333,0.013584926165926289
157,Weston,2024,2,2.8414991629775335,3.549870985375254,3.877512886157894e-05,0.00012732240914717125,1941.3333333333333,0.010654708686367068
157,Weston,2025,3,4.619257011395464,5.922840405825991,7.838525773429505e-05,0.0002573866328589163,1941.3333333333333,0.011283391787571343
158,Westport,2023,1,2.1655608600776297,2.6278490272729353,1.8569684375165674e-05,6.083955601315736e-05,4763.333333333333,0.022860800585236495
158,Westport,2024,2,4.180117835911926,5.222200736319791,5.4414194818110453e-05,0.00017827634474900715,4763.333333333333,0.019712793978774016
158,Westport,2025,3,8.728052255184787,11.191163521241753,0.00012925724290631998,0.0004234834104354657,4763.333333333333,0.024323697503709833
159,Wethersfield,2023,1,78.04751247444246,94.7085272540822,0.0006692574194683441,0.0021977986806523725,3150.666666666666,0.2800347085272541
159,Wethersfield,2024,2,156.03049941304937,194.92813860961672,0.0020072189519352427,0.006591579018799922,3150.666666666666,0.2786622122538179
159,Wethersfield,2025,3,314.5153062303487,403.2735046775608,0.004704187702860483,0.015448252385608279,3150.666666666666,0.2810213418637756
160,Willington,2023,1,49.58415137903038,60.16901504438349,0.00042518409807518556,0.0013957786698778358,523.0,0.38164687441432543
160,Willington,2024,2,93.39445074325229,116.67722982579353,0.0012260415131985741,0.004024803844391912,523.0,0.381986673290053
160,Willington,2025,3,92.25821737424366,118.29406683491133,0.002017155727182713,0.006621844397684127,523.0,0.33536017343879676
161,Wilton,2023,1,1.251967431946893,1.5192283250358984,1.0735620728944607e-05,3.5223797016176234e-05,3276.3333333333335,0.0730138212459403
161,Wilton,2024,2,2.6548545861371298,3.316696829797074,3.3500998805070486e-05,0.00010991748046458527,3276.3333333333335,0.06923708220500058
161,Wilton,2025,3,5.876175606569931,7.534469337484938,8.388920463140764e-05,0.00027524224172882666,3276.3333333333335,0.06131436675588352
162,Winchester,2023,1,10.23560442628855,12.42062674433851,8.777030795542433e-05,0.0002799362574963365,619.3333333333333,0.5506958622885721
162,Winchester,2024,2,10.08982322956806,12.605166736236724,0.00017429054214897045,0.0005558855064171501,619.3333333333333,0.5741848708315941
162,Winchester,2025,3,59.20628178591176,75.91466705040112,0.0006819844084631639,0.0021751337943691504,619.3333333333333,0.5944886138791955
163,Windham,2023,1,207.71727949126623,252.05925214188485,0.0017811756716376078,0.005833103687007428,3017.9999999999995,0.7446552966610618
163,Windham,2024,2,404.5059717027637,505.34732899726623,0.005249814378988808,0.01719241515466567,3017.9999999999995,0.7415363706679777
163,Windham,2025,3,832.137958054013,1066.9725258900285,0.012385397369301969,0.04056046139093359,3017.9999999999995,0.7385075823033672
164,Windsor,2023,1,0.0,0.0,0.0,0.0,2708.3333333333326,0.414882226980728
164,Windsor,2024,2,22.131765534996298,27.64910627159406,0.00018977988946259326,0.0006229713271154635,2708.3333333333326,0.4228530156770643
164,Windsor,2025,3,21.521803329388174,27.59539165088202,0.0003743293530120969,0.001228773261932915,2708.3333333333326,0.46625409314345745
165,Windsor Locks,2023,1,14.438603311837758,17.520851234276783,0.0001238110233990088,0.00040586675699108885,1253.6666666666667,0.41282536647134455
165,Windsor Locks,2024,2,53.90259905405665,67.3402529592173,0.0005860258102875446,0.0019210599234606197,1253.6666666666667,0.41124882771905813
165,Windsor Locks,2025,3,79.67178354741571,102.15566218436105,0.0012692113542066342,0.004160620614595768,1253.6666666666667,0.4019141241323784
166,Wolcott,2023,1,0.0,0.0,0.0,0.0,1885.0000000000002,0.28038311825773643
166,Wolcott,2024,2,0.0,0.0,0.0,0.0,1885.0000000000002,0.2885815869395231
166,Wolcott,2025,3,56.128396378042645,71.96818301341045,0.0004813009989417156,0.0015811399094766588,1885.0000000000002,0.3488474011745113
167,Woodbridge,2023,1,2.2468589030914825,2.726501984662222,1.9266815094009464e-05,6.146921148184017e-05,961.0,0.1387336698909399
167,Woodbridge,2024,2,4.363903577366716,5.451803362854576,5.668728826992904e-05,0.00018085619724869483,961.0,0.13541265562828905
167,Woodbridge,2025,3,9.000436694571947,11.540416563352343,0.0001338660329258835,0.000427088724732434,961.0,0.131415819489214
168,Woodbury,2023,1,49.85318810134519,60.49548376759929,0.000427491087969035,0.0014027425067571404,1183.6666666666667,0.19827361759227735
168,Woodbury,2024,2,88.18642390220695,110.17086740451819,0.0011836896729304593,0.0038840852260042516,1183.6666666666667,0.22373136396935078
168,Woodbury,2025,3,163.8263174036272,210.05913502153174,0.0025885003446665627,0.008493743061334429,1183.6666666666667,0.22664990830980983
169,Woodstock,2023,1,0.0,0.0,0.0,0.0,1033.0,0.13634249234076
169,Woodstock,2024,2,0.0,0.0,0.0,0.0,1033.0,0.1440779832375558
169,Woodstock,2025,3,0.0,0.0,0.0,0.0,1033.0,0.17266534865450528
