fiscal_year,lea_id,district,required_nss,actual_nss,foundation_budget,actual_to_required,actual_to_foundation
2024,1,Abington,31287579.0,35096907.28344,31287579.07896,1.121752,1.121752
2024,3,Acushnet,15911255.0,16863449.449599,15911255.39,1.059844,1.059844
2024,5,Agawam,50397491.0,68614263.46972,50397491.3,1.361462,1.361462
2024,7,Amesbury,27706889.0,39196298.206424,24965747.03,1.414677,1.570003
2024,8,Amherst,17448921.0,29136158.5046,14207190.94,1.669797,2.050804
2024,9,Andover,72244408.0,118032099.166,72244408.4936,1.633789,1.633789
2024,10,Arlington,74896749.0,109074009.049712,74896748.6354,1.456325,1.456325
2024,14,Ashland,36758231.0,44531803.9707,36758230.61,1.211478,1.211478
2024,16,Attleboro,97105121.0,95313571.991933,97105120.72,0.98155,0.98155
2024,17,Auburn,32176028.0,38260562.25216,32176028.36,1.189101,1.189101
2024,18,Avon,9536789.0,13241047.3995,9536788.92,1.388418,1.388418
2024,20,Barnstable,84542110.0,100799203.832523,84542110.14,1.192296,1.192296
2024,23,Bedford,33464417.0,55156096.3428,33265363.04312,1.648201,1.658064
2024,24,Belchertown,27973238.0,32434984.220357,27713334.38,1.159501,1.170375
2024,25,Bellingham,29660512.0,41074905.824965,29660512.23,1.384835,1.384835
2024,26,Belmont,57423976.0,78295732.738,57423975.88384,1.363468,1.363468
2024,27,Berkley,8929788.0,10179735.034,8929788.14,1.139975,1.139975
2024,30,Beverly,61798815.0,77717783.110157,61798815.26,1.257593,1.257593
2024,31,Billerica,69705258.0,91106972.010901,63590856.68,1.307032,1.432706
2024,35,Boston,1111185851.0,1515403720.280101,1095713386.0692,1.363772,1.383029
2024,36,Bourne,23881940.0,34230427.709924,22858350.51,1.433319,1.497502
2024,38,Boxford,8573561.0,14924927.0,8528050.26788,1.740808,1.750098
2024,40,Braintree,72501249.0,92464256.947214,72501248.63965,1.275347,1.275347
2024,41,Brewster,5772216.0,10564247.913067,5743102.11,1.830189,1.839467
2024,43,Brimfield,3511282.0,4696553.17375,3511281.75,1.337561,1.337561
2024,44,Brockton,295646848.0,289073972.513473,295646847.72,0.977768,0.977768
2024,45,Brookfield,3240939.0,3862162.73162,3240938.55,1.19168,1.19168
2024,46,Brookline,89785825.0,173064309.402637,89394640.06326,1.927524,1.935958
2024,48,Burlington,46173964.0,85986969.86188,46103747.98904,1.862239,1.865075
2024,49,Cambridge,112732474.0,258714584.225901,112732473.50965,2.294943,2.294943
2024,50,Canton,43350135.0,66418541.87064,43350134.76928,1.532142,1.532142
2024,51,Carlisle,6865945.0,13506822.0,6639945.16308,1.96722,2.034177
2024,52,Carver,21283331.0,27845633.356,21283331.49932,1.308331,1.308331
2024,56,Chelmsford,63812308.0,82940441.53526,63812307.76,1.299756,1.299756
2024,57,Chelsea,138863180.0,139150947.486647,138863180.45908,1.002072,1.002072
2024,61,Chicopee,122693363.0,132100943.275334,122693363.2,1.076676,1.076676
2024,63,Clarksburg,2564219.0,2904389.70626,2395286.75,1.132661,1.212544
2024,64,Clinton,32534279.0,35733053.755768,32534279.41,1.09832,1.09832
2024,65,Cohasset,16722880.0,29229555.837,16687439.71718,1.747878,1.75159
2024,67,Concord,23075622.0,48358104.84,23075622.3332,2.095636,2.095636
2024,68,Conway,1414438.0,2400536.1612,941811.15,1.697166,2.548851
2024,71,Danvers,42331707.0,60918538.830796,42331707.48,1.439076,1.439076
2024,72,Dartmouth,45280694.0,55674669.58085,43916766.76,1.229545,1.267732
2024,73,Dedham,34648058.0,61748152.2195,34648058.12985,1.782153,1.782153
2024,74,Deerfield,4020735.0,6676615.125584,3505682.31,1.660546,1.904512
2024,77,Douglas,17382311.0,18408367.052621,14574247.94,1.059029,1.263075
2024,78,Dover,5901408.0,12466215.1,5901407.9242,2.112414,2.112414
2024,79,Dracut,54570266.603071,53811873.286065,54539267.46,0.986102,0.986663
2024,82,Duxbury,33659011.0,48327500.63,33659011.20146,1.435797,1.435797
2024,83,East Bridgewater,26867274.0,31205131.17463,26867274.06,1.161455,1.161455
2024,85,Eastham,2896212.0,5081026.9151,2896212.01,1.75437,1.75437
2024,86,Easthampton,22559015.0,24639984.308553,22559015.46,1.092246,1.092246
2024,87,East Longmeadow,33881346.0,45282558.017165,33881345.88,1.336504,1.336504
2024,88,Easton,44031696.0,53923512.379071,43192301.49,1.224652,1.248452
2024,89,Edgartown,6660865.0,13376293.40497,6660865.34,2.008192,2.008192
2024,91,Erving,2671389.0,5298966.52575,2671388.78,1.9836,1.9836
2024,93,Everett,152643280.0,152846900.02555,152643280.48403,1.001334,1.001334
2024,94,Fairhaven,23768493.0,24346237.933902,23768492.65,1.024307,1.024307
2024,95,Fall River,232461997.1467,231363163.948328,226544925.61,0.995273,1.021268
2024,96,Falmouth,42847019.0,68050364.823323,42847018.86,1.588217,1.588217
2024,97,Fitchburg,96678430.0,95897650.311944,96678430.43,0.991924,0.991924
2024,98,Florida,985108.0,1501253.09,917915.93,1.523948,1.635502
2024,99,Foxborough,36724570.0,50097832.160787,34005786.00116,1.36415,1.473215
2024,100,Framingham,159351947.0,200320825.681281,159351946.7809,1.257097,1.257097
2024,101,Franklin,76427456.0,86523452.814985,65275976.23438,1.132099,1.325502
2024,103,Gardner,38690364.0,38986620.523064,38690363.83,1.007657,1.007657
2024,105,Georgetown,17091135.0,21879661.41888,15011687.49,1.280176,1.457508
2024,107,Gloucester,47045110.0,63561093.93183,47045109.8885,1.351067,1.351067
2024,110,Grafton,37231176.0,44805578.520503,36858149.16,1.203442,1.215622
2024,111,Granby,10432749.0,11291107.709069,9588488.89,1.082275,1.177569
2024,114,Greenfield,27294291.0,32854991.513925,27294290.69,1.203731,1.203731
2024,117,Hadley,6528713.0,9641996.525785,6277106.59,1.47686,1.536057
2024,118,Halifax,7849455.0,9388904.75,7849455.02346,1.196122,1.196122
2024,121,Hancock,1216495.0,1907757.9612,1216494.75,1.568242,1.568242
2024,122,Hanover,30830615.0,39866501.036817,30800181.27354,1.293082,1.294359
2024,125,Harvard,10576375.0,16074234.0,10576374.95,1.519825,1.519825
2024,127,Hatfield,4367186.0,7265608.21155,4215602.35,1.663682,1.723504
2024,128,Haverhill,132551888.0,140568595.337491,132551888.25,1.06048,1.06048
2024,131,Hingham,47357771.0,71860512.448411,47057670.46704,1.517396,1.527073
2024,133,Holbrook,20493829.0,21229724.502986,20493828.67955,1.035908,1.035908
2024,135,Holland,2529521.0,3177758.964,2529520.89,1.256269,1.256269
2024,136,Holliston,32849810.0,42711118.0912,32828254.53732,1.300194,1.301047
2024,137,Holyoke,110072324.308414,107798299.262021,109412142.29,0.979341,0.98525
2024,138,Hopedale,12710811.0,17149189.578429,11489500.85,1.349181,1.492597
2024,139,Hopkinton,50873295.0,67755344.300503,50873294.82688,1.331845,1.331845
2024,141,Hudson,34207458.0,53024518.08375,34207457.53,1.550086,1.550086
2024,142,Hull,13048570.0,21112227.9225,10986735.57128,1.617973,1.921611
2024,144,Ipswich,20567036.0,35254204.162,20567036.15502,1.714112,1.714112
2024,145,Kingston,14371240.0,16811540.29,14371240.40758,1.169804,1.169804
2024,149,Lawrence,286581564.118854,285506519.284453,279873222.14,0.996249,1.020128
2024,150,Lee,8931113.0,13925739.08456,8739704.66,1.559239,1.593388
2024,151,Leicester,20759209.0,23530123.367939,20759208.56,1.133479,1.133479
2024,152,Lenox,6767534.0,15998371.69934,6717817.41,2.363988,2.381484
2024,153,Leominster,99599001.0,99844437.569819,99599000.58,1.002464,1.002464
2024,154,Leverett,1351708.0,2458408.6,1255147.3,1.818742,1.958661
2024,155,Lexington,90646899.0,167264081.77,90646899.4064,1.845227,1.845227
2024,157,Lincoln,7355302.0,14129455.769204,7355301.96728,1.920989,1.920989
2024,158,Littleton,20056952.0,29230400.4028,20056951.58,1.45737,1.45737
2024,159,Longmeadow,33192701.0,47506747.7525,33192700.99,1.431241,1.431241
2024,160,Lowell,289236848.0,294030323.824654,288791629.53,1.016573,1.01814
2024,161,Ludlow,32627792.0,43928407.14739,32627792.16,1.346349,1.346349
2024,162,Lunenburg,20730114.0,24043451.707734,20659694.91,1.159832,1.163785
2024,163,Lynn,329943497.0,331191959.89344,329943497.07,1.003784,1.003784
2024,164,Lynnfield,27452372.0,39170954.58,27452371.78052,1.42687,1.42687
2024,165,Malden,117616659.0,120056903.66736,117616659.13782,1.020747,1.020747
2024,167,Mansfield,52076187.0,67470579.937011,46129087.0059,1.295613,1.462647
2024,168,Marblehead,33316926.0,54283263.86975,32681938.29,1.6293,1.660956
2024,169,Marion,5068217.0,7794527.2,5068217.26,1.537923,1.537923
2024,170,Marlborough,87221685.0,90955161.951126,87221684.99645,1.042804,1.042804
2024,171,Marshfield,54303362.0,61931989.975,49950295.5573,1.140482,1.239872
2024,172,Mashpee,21382621.0,34078280.146228,20496134.48,1.593737,1.662669
2024,173,Mattapoisett,5126126.0,9175847.025,5079932.73,1.790016,1.806293
2024,174,Maynard,17768872.0,27957839.5563,17768872.033,1.573417,1.573417
2024,175,Medfield,30502096.0,45127283.9,29777088.9976,1.479481,1.515504
2024,176,Medford,71888258.0,89595504.26893,71888258.34116,1.246316,1.246316
2024,177,Medway,30117199.0,36297289.214083,26890897.84429,1.205201,1.349798
2024,178,Melrose,51330399.0,57225762.97,51330398.76502,1.114851,1.114851
2024,181,Methuen,109298850.0,110610482.707399,109298849.83,1.012,1.012
2024,182,Middleborough,44333813.0,53723781.900471,44333813.13,1.211802,1.211802
2024,184,Middleton,8683564.0,15064437.2,8542770.1968,1.734822,1.763414
2024,185,Milford,75437511.0,84877660.568548,75437511.28,1.125139,1.125139
2024,186,Millbury,22434599.0,30720268.756032,22434599.24,1.369326,1.369325
2024,187,Millis,16039203.0,23469496.5725,14054851.19248,1.463258,1.66985
2024,189,Milton,53957476.0,72455907.914,53957475.51556,1.342834,1.342834
2024,191,Monson,14062312.0,15235627.64716,11361547.17,1.083437,1.340982
2024,196,Nahant,2998777.0,4920992.8,2954392.42,1.641,1.665653
2024,197,Nantucket,25201462.0,45306650.6,25201462.49,1.797779,1.797779
2024,198,Natick,65231071.0,100972040.7878,65231071.03382,1.547913,1.547913
2024,199,Needham,70773643.0,124242385.0195,70773642.888,1.755489,1.755489
2024,201,New Bedford,259908138.0,260229794.619231,259908138.26,1.001238,1.001238
2024,204,Newburyport,27448208.0,43701517.221132,27448207.99,1.592145,1.592145
2024,207,Newton,156764604.0,277271740.5845,156764603.61603,1.768714,1.768714
2024,208,Norfolk,12913097.0,17627958.8,11993145.444,1.365122,1.469836
2024,209,North Adams,21755056.0,25965210.369915,21755055.92,1.193525,1.193525
2024,210,Northampton,36035690.0,48737527.464346,35618666.02,1.352479,1.368314
2024,211,North Andover,57569717.0,74829410.611985,57569717.3,1.299805,1.299805
2024,212,North Attleborough,53477072.0,61714347.601685,51608133.33,1.154034,1.195826
2024,213,Northborough,19946645.0,32273120.429147,19538316.1,1.617972,1.651786
2024,214,Northbridge,30378737.0,30416701.718523,28109617.77,1.00125,1.082075
2024,215,North Brookfield,8281137.0,9415947.902713,8281136.67,1.137036,1.137036
2024,217,North Reading,30503504.0,45004401.207943,29062440.79226,1.475385,1.548542
2024,218,Norton,34108804.0,41071899.342214,29128867.22,1.204144,1.410007
2024,219,Norwell,25956169.0,38874078.789,25956168.80505,1.497682,1.497682
2024,220,Norwood,53483624.0,72655909.389054,53483623.86872,1.35847,1.35847
2024,221,Oak Bluffs,6470638.0,12793725.553125,6470637.93,1.977197,1.977197
2024,223,Orange,9212500.0,9298351.76044,9212499.92,1.009319,1.009319
2024,224,Orleans,2198644.0,5559484.24,2114047.88,2.528597,2.629782
2024,226,Oxford,21950127.0,23838982.0777,21950126.81,1.086052,1.086052
2024,227,Palmer,19001379.0,22331576.03247,19001379.49,1.175261,1.175261
2024,229,Peabody,91177549.0,100478838.142684,91177548.53,1.102013,1.102013
2024,230,Pelham,880195.0,2156083.0,858482.56,2.449552,2.511505
2024,231,Pembroke,37893263.0,43619869.017143,33926554.38199,1.151125,1.285715
2024,234,Petersham,1133843.0,1852670.8,1133842.72,1.633975,1.633975
2024,236,Pittsfield,92916030.0,107091643.353554,92916030.26,1.152564,1.152564
2024,238,Plainville,9149627.0,11680334.18288,8340185.27,1.276591,1.400489
2024,239,Plymouth,111949867.0,146064329.817966,111949866.57694,1.30473,1.30473
2024,240,Plympton,3146739.0,4603566.75,3146739.0944,1.462964,1.462964
2024,242,Provincetown,1715209.0,6207133.648,1708796.98,3.618879,3.632458
2024,243,Quincy,164068489.0,187630843.13023,164068488.81256,1.143613,1.143613
2024,244,Randolph,50608513.0,64816132.987817,50608513.30912,1.280736,1.280736
2024,246,Reading,48678959.0,64297079.23,46064559.29886,1.320839,1.395804
2024,248,Revere,147953763.581068,140864849.351,142967579.12336,0.952087,0.985292
2024,249,Richmond,1886554.0,3876181.56688,1653453.75,2.054636,2.344294
2024,250,Rochester,6254354.0,7469273.3625,6163095.86,1.194252,1.211935
2024,251,Rockland,34848972.0,40528473.266429,34848972.48256,1.162975,1.162975
2024,252,Rockport,8297650.0,17951959.746613,8129580.11886,2.163499,2.208227
2024,253,Rowe,766043.0,2163420.61,751366.82,2.82415,2.879313
2024,258,Salem,69935642.0,86937843.197672,69935642.15,1.243112,1.243112
2024,261,Sandwich,31640927.0,52888962.287929,29251950.23,1.671536,1.808049
2024,262,Saugus,42085454.0,46399798.365188,42085454.03,1.102514,1.102514
2024,263,Savoy,952223.0,1003224.9,576479.4,1.053561,1.740261
2024,264,Scituate,34295600.0,52757344.103,34295600.022,1.538312,1.538312
2024,265,Seekonk,25865535.0,36312559.058571,25865534.95,1.403897,1.403897
2024,266,Sharon,44179615.0,66882905.41,44179615.27148,1.513886,1.513886
2024,269,Sherborn,4712584.0,8828376.43509,4685609.03213,1.873362,1.884147
2024,271,Shrewsbury,78965302.0,98480040.720105,74633713.99,1.247131,1.319511
2024,272,Shutesbury,1466387.0,2626346.12782,1442294.22,1.791032,1.82095
2024,273,Somerset,21144660.0,29202125.60125,21144659.59,1.381064,1.381064
2024,274,Somerville,93142031.0,130458919.783494,88070540.9755,1.400645,1.4813
2024,275,Southampton,6932617.0,8037962.907222,6284662.0,1.159441,1.278981
2024,276,Southborough,14579611.0,27902868.2908,14230837.1264,1.913828,1.960733
2024,277,Southbridge,38095221.0,38971664.852747,38095220.9,1.023007,1.023007
2024,278,South Hadley,25928070.0,30668798.763975,25928069.82,1.182842,1.182842
2024,281,Springfield,525763854.810405,525763849.655322,525763852.88,1.0,1.0
2024,284,Stoneham,32165600.0,46557032.07665,32165599.71124,1.447417,1.447417
2024,285,Stoughton,56987020.0,68836932.7252,56987020.29598,1.207941,1.207941
2024,287,Sturbridge,10737440.0,14656049.6087,10737439.59,1.364948,1.364948
2024,288,Sudbury,28628096.0,51146124.4,28628096.43,1.786571,1.786571
2024,289,Sunderland,2451309.0,4049964.452,1946645.52,1.652164,2.080484
2024,290,Sutton,18420093.0,22659660.552191,16076441.03,1.23016,1.409495
2024,291,Swampscott,26012947.0,36963815.751371,26012947.4,1.420978,1.420978
2024,292,Swansea,26694463.0,30622416.782,26694462.58,1.147145,1.147145
2024,293,Taunton,131396476.0,135120374.773907,131396476.31,1.028341,1.028341
2024,295,Tewksbury,46367537.0,64176426.019634,41191248.02,1.384081,1.558011
2024,296,Tisbury,5475942.0,11859151.400614,5475942.18,2.165682,2.165682
2024,298,Topsfield,6737747.0,12650354.65,6737747.492,1.877535,1.877535
2024,300,Truro,2327812.0,6692002.504415,2300504.74,2.874804,2.908928
2024,301,Tyngsborough,21616591.0,28066961.553152,21286361.98,1.298399,1.318542
2024,304,Uxbridge,24572198.0,28853255.534477,22214657.67,1.174224,1.298839
2024,305,Wakefield,43061535.0,62578757.94,43061534.5506,1.45324,1.45324
2024,306,Wales,1744156.0,2187956.7476,1628374.74,1.25445,1.343644
2024,307,Walpole,47191403.0,64467521.78,47191402.9124,1.366086,1.366086
2024,308,Waltham,98129290.0,134798051.033672,98129290.06085,1.373678,1.373678
2024,309,Ware,19400007.0,20089652.106016,19400007.25,1.035549,1.035549
2024,310,Wareham,37763668.0,44102633.63416,37763668.48,1.167859,1.167859
2024,314,Watertown,39855551.0,67010721.18075,39855550.60148,1.68134,1.68134
2024,315,Wayland,33119434.0,57811002.933,33119434.22491,1.745531,1.745531
2024,316,Webster,31971770.0,33969451.992888,31971769.84,1.062483,1.062483
2024,317,Wellesley,53340471.0,108971307.304238,52634797.2425,2.042939,2.070328
2024,318,Wellfleet,1630848.0,3555549.782935,1610248.39,2.180185,2.208075
2024,321,Westborough,47697092.0,73438010.32365,47373904.24,1.539675,1.550179
2024,322,West Boylston,11634221.0,16430253.304073,11278495.76,1.412235,1.456777
2024,323,West Bridgewater,15250442.0,19996252.246257,15250441.9,1.311192,1.311192
2024,325,Westfield,75008744.0,79690104.46563,75008744.26,1.062411,1.062411
2024,326,Westford,60265719.0,76220212.047655,56419497.77494,1.264736,1.350955
2024,327,Westhampton,1520553.0,3049960.0816,1280165.03,2.005823,2.382474
2024,330,Weston,25392259.0,56188068.588,25392258.95496,2.212803,2.212803
2024,331,Westport,20926189.0,24648432.619371,20926189.14,1.177875,1.177875
2024,332,West Springfield,63567924.0,64880160.099167,63567924.09,1.020643,1.020643
2024,335,Westwood,36039141.0,62553015.44625,36039140.91565,1.735697,1.735697
2024,336,Weymouth,94987512.0,100265384.816154,89980250.50715,1.055564,1.114304
2024,337,Whately,1127263.0,2423297.91,1127263.18,2.149718,2.149718
2024,340,Williamsburg,2186793.0,3318440.2602,2130357.69,1.517492,1.557692
2024,342,Wilmington,40471399.0,65513190.625795,36154606.17328,1.618753,1.812029
2024,343,Winchendon,20130691.0,20333625.245426,20130691.02,1.010081,1.010081
2024,344,Winchester,54251903.0,77311230.955402,53860981.50427,1.425042,1.435385
2024,346,Winthrop,28718694.0,31889060.9444,28718694.13187,1.110394,1.110394
2024,347,Woburn,65492150.0,96065708.800314,65492150.3446,1.466828,1.466828
2024,348,Worcester,481008495.391943,476115898.291523,477974878.61,0.989828,0.996111
2024,349,Worthington,1568790.0,2271824.7737,1568790.01,1.448138,1.448138
2024,350,Wrentham,12695553.0,17007531.1,11250378.93804,1.339645,1.51173
2024,406,Northampton Smith,3801037.0,4039087.15,3641524.64,1.062628,1.109175
2024,600,Acton Boxborough,66342124.0,95815743.24928,64406283.82384,1.444267,1.487677
2024,603,Hoosac Valley,17400552.0,19374214.97993,17400551.63,1.113425,1.113425
2024,605,Amherst Pelham,23559940.0,31279019.17998,18078526.21,1.327636,1.730175
2024,610,Ashburnham Westminster,29646113.0,32982289.184003,29646112.5,1.112533,1.112533
2024,615,Athol Royalston,27758996.0,27472090.073239,27758995.79,0.989664,0.989664
2024,616,Ayer Shirley,23367466.0,27562766.435625,23119470.37,1.179536,1.192188
2024,618,Berkshire Hills,14093085.0,27575467.72475,14027795.75,1.956667,1.965773
2024,620,Berlin Boylston,12479596.0,21237264.433978,12479595.73,1.701759,1.701759
2024,622,Blackstone Millville,21759625.0,24698769.465756,21242438.94,1.135073,1.162709
2024,625,Bridgewater Raynham,73247623.0,79301649.879806,73247622.79,1.082652,1.082652
2024,632,Chesterfield Goshen,1834390.0,2574551.909,1596663.71,1.403492,1.612457
2024,635,Central Berkshire,21682071.0,26596281.422558,21682070.82,1.226649,1.226649
2024,640,Concord Carlisle,18314203.0,31734884.948237,18206295.7252,1.732802,1.743072
2024,645,Dennis Yarmouth,49764295.0,66618329.960022,49764294.76,1.338677,1.338677
2024,650,Dighton Rehoboth,35849991.0,42151643.622048,33303334.11,1.175778,1.265688
2024,655,Dover Sherborn,15080795.0,25168915.02,15061557.8442,1.668938,1.67107
2024,658,Dudley Charlton,45132027.0,50448101.11189,44767304.4,1.117789,1.126896
2024,660,Nauset,17316820.0,34333557.776072,17092062.4,1.982671,2.008743
2024,662,Farmington River,2976319.0,5200869.048235,2970098.28,1.747417,1.751076
2024,665,Freetown Lakeville,35485916.0,38401771.538579,35485915.87,1.082169,1.082169
2024,670,Frontier,8434576.0,12306666.33495,6859405.61,1.459074,1.79413
2024,672,Gateway,11571635.0,13799903.115373,11571635.25,1.192563,1.192563
2024,673,Groton Dunstable,33191487.0,45046433.376298,27429942.14,1.357168,1.642236
2024,674,Gill Montague,14680312.0,20724461.726687,14525789.26,1.411718,1.426736
2024,675,Hamilton Wenham,19935628.0,36127111.988363,19935627.51244,1.812188,1.812188
2024,680,Hampden Wilbraham,36311317.0,45920403.7551,35889670.8,1.264631,1.279488
2024,683,Hampshire,8657194.000001,14333460.0386,7679400.380077,1.65567,1.866482
2024,685,Hawlemont,1396519.0,2255266.194253,1359496.83,1.61492,1.658898
2024,690,King Philip,26958939.999998,37157746.217311,24882496.668651,1.378309,1.493329
2024,695,Lincoln Sudbury,20042624.0,34543229.598,20042623.92,1.723488,1.723488
2024,698,Manchester Essex,15211667.0,27237197.83804,14995281.19577,1.790547,1.816385
2024,700,Marthas Vineyard,14493700.0,23361754.1,14493699.97,1.611856,1.611856
2024,705,Masconomet,21952856.0,37722533.920986,20800201.7855,1.718343,1.813566
2024,710,Mendon Upton,31614497.0,35985610.8754,24957462.55,1.138263,1.441878
2024,712,Monomoy,23773098.0,41174998.690571,23706658.22,1.732,1.736854
2024,715,Mount Greylock,14323309.0,21651644.678153,14323308.95,1.511637,1.511637
2024,717,Mohawk Trail,13085806.999999,18256655.319562,11381489.499886,1.395149,1.604066
2024,720,Narragansett,19090732.0,21444612.217688,19090731.8,1.1233,1.1233
2024,725,Nashoba,38851076.0,48764909.335399,38851075.75479,1.255175,1.255175
2024,728,New Salem Wendell,1670708.0,2827846.6,1670707.68,1.692604,1.692604
2024,730,Northboro Southboro,16695123.0,24561074.7918,16594258.15,1.471153,1.480095
2024,735,North Middlesex,42235106.000001,52383445.730401,40550528.92,1.240282,1.291807
2024,740,Old Rochester,13019998.0,19759396.0,13019997.51,1.517619,1.517619
2024,745,Pentucket,34071438.0,40389917.261607,27982141.81,1.185448,1.443418
2024,750,Pioneer Valley,8922732.0,12848092.09789,7858151.05,1.439928,1.635002
2024,753,Quabbin,29159178.000001,34966020.373325,27040442.53,1.199143,1.293101
2024,755,Ralph C Mahar,8804676.0,12619106.012135,8804675.83,1.433228,1.433228
2024,760,Silver Lake,24399126.0,29244457.7934,24399125.516534,1.198586,1.198586
2024,763,Somerset Berkley,14135321.0,17475350.003468,14135320.56,1.23629,1.23629
2024,765,Southern Berkshire,9519284.0,15478073.163355,9252135.439907,1.62597,1.672919
2024,766,Southwick Tolland,22140281.000001,22575724.99497,18106696.800181,1.019668,1.246816
2024,767,Spencer East Brookfield,24381081.0,24253023.094833,22391801.73,0.994748,1.083121
2024,770,Tantasqua,22722962.0,25285644.4363,22722962.14,1.112779,1.112779
2024,773,Triton,31972073.999999,46948368.279675,30407397.850966,1.468418,1.543978
2024,774,Upisland,5529555.0,14455149.646857,5529555.07,2.614161,2.614161
2024,775,Wachusett,84952457.0,104599990.495191,84952456.88,1.231277,1.231277
2024,778,Quaboag,16750017.0,18463376.851134,16750016.71,1.10229,1.10229
2024,780,Whitman Hanson,48458013.0,56237230.308884,47694959.75,1.160535,1.179102
2024,801,Assabet Valley,21937074.321,21621490.425775,21431809.59935,0.985614,1.00885
2024,805,Blackstone Valley,23489725.0,25643421.99,23489724.719765,1.091687,1.091687
2024,806,Blue Hills,20180627.0,20821105.0,20180627.194922,1.031737,1.031737
2024,810,Bristol Plymouth,26611588.0,26657110.760643,26611587.789734,1.001711,1.001711
2024,815,Cape Cod,14522132.0,15357560.303455,14522131.98,1.057528,1.057528
2024,817,Essex North Shore,27035850.0,27135375.923125,27035849.729459,1.003681,1.003681
2024,818,Franklin County,11960851.0,11886817.259643,11960851.49,0.99381,0.99381
2024,821,Greater Fall River,32086682.421714,30699586.856286,30840956.85,0.95677,0.995416
2024,823,Greater Lawrence,44207536.06335,43278667.1208,43068009.264111,0.978988,1.004891
2024,825,Greater New Bedford,46465557.0,50853159.05525,46465556.5,1.094427,1.094427
2024,828,Greater Lowell,53271399.2796,52225391.4375,52221931.380522,0.980365,1.000066
2024,829,South Middlesex,19205858.0,22159709.7,19205858.345508,1.1538,1.153799
2024,830,Minuteman,12893971.0,16052259.0,12893971.225289,1.244943,1.244943
2024,832,Montachusett,29559363.263843,29559566.873373,29486021.359115,1.000007,1.002494
2024,851,Northern Berkshire,10599771.0,10694961.3404,10599770.639894,1.00898,1.00898
2024,852,Nashoba Valley,14548100.0,14548099.356225,14548100.2422,1.0,1.0
2024,853,Northeast Metropolitan,29763087.0,29857379.12,29763086.943302,1.003168,1.003168
2024,855,Old Colony,10531539.0,11580398.0,10531538.940105,1.099592,1.099592
2024,860,Pathfinder,12791607.0,13771369.26974,12791606.58,1.076594,1.076594
2024,871,Shawsheen Valley,26361950.0,34950941.0925,24972413.58,1.32581,1.399582
2024,872,Southeastern,35330482.0,35267619.0,34786651.12,0.998221,1.013826
2024,873,South Shore,12906720.0,14365980.0,12906720.28764,1.113062,1.113062
2024,876,Southern Worcester,25490285.221162,24310186.67195,24914513.250249,0.953704,0.975744
2024,878,Tri County,19523620.000001,20105317.448143,19173060.333462,1.029795,1.048623
2024,879,Upper Cape Cod,16601531.0,17445540.749324,16601530.71,1.050839,1.050839
2024,885,Whittier,26519399.0,27379343.0,26519398.819735,1.032427,1.032427
2024,910,Bristol County,9916498.0,10975957.55,9916498.040099,1.106838,1.106838
2024,915,Norfolk County,5446251.0,5978226.08,5446250.787494,1.097677,1.097677
2024,999,"State Totals, Reporting Districts",14174477940.531122,17652860654.492104,13953949977.949133,1.245398,1.26508
2025,1,Abington,32236385.0,36623076.62,32236384.53,1.136079,1.136079
2025,3,Acushnet,16145186.0,17226993.91,15622821.81,1.067005,1.102681
2025,5,Agawam,52988778.0,71030912.469107,52988778.25,1.34049,1.34049
2025,7,Amesbury,28829720.0,40463641.36,26495878.26,1.403539,1.527167
2025,8,Amherst,17500933.0,29996534.32,13476149.79,1.713996,2.225898
2025,9,Andover,74410097.0,121941656.071879,72595075.47,1.638778,1.679751
2025,10,Arlington,78223272.0,118019795.307327,77449420.44,1.508756,1.523831
2025,14,Ashland,38361802.0,48098610.17,37765344.57,1.253815,1.273618
2025,16,Attleboro,103796052.008067,105145166.25,102004503.3,1.012998,1.030789
2025,17,Auburn,33139220.0,39965332.43,32470504.22,1.205983,1.23082
2025,18,Avon,9880363.0,14458300.97,9514711.52,1.463337,1.519573
2025,20,Barnstable,89214280.0,109186322.9852,88879328.45,1.223866,1.228478
2025,23,Bedford,35021978.0,59539513.900236,34828204.55,1.700061,1.70952
2025,24,Belchertown,28680410.0,33674422.0,27898291.62,1.174126,1.207042
2025,25,Bellingham,31022708.0,42758743.92,30088447.59,1.378305,1.421102
2025,26,Belmont,60144184.0,84637386.6,59533725.07,1.407241,1.421671
2025,27,Berkley,9240413.0,10483792.06,8895289.57,1.134559,1.178578
2025,30,Beverly,64176965.0,83384329.745068,62707090.12,1.299288,1.329743
2025,31,Billerica,73072729.0,94338649.66,65232366.11,1.291024,1.446194
2025,35,Boston,1182075543.0,1629284358.291684,1145949554.0,1.378325,1.421777
2025,36,Bourne,24968979.0,35865229.72,24109451.63,1.436392,1.4876
2025,38,Boxford,9072414.0,16096474.88,9024222.11,1.774222,1.783697
2025,40,Braintree,76368108.0,98276931.07,73532608.81,1.286884,1.336508
2025,41,Brewster,6358343.0,11345869.25,5984373.99,1.784407,1.895916
2025,43,Brimfield,3675840.0,4880207.05,3675840.46,1.327644,1.327644
2025,44,Brockton,321491912.486527,307566021.76502,314919037.4,0.956684,0.976651
2025,45,Brookfield,3341939.0,4205376.27,3232462.2,1.258364,1.300982
2025,46,Brookline,92647588.0,184140724.23,91993751.56,1.987539,2.001666
2025,48,Burlington,49033422.0,91710878.41,49033422.45,1.870375,1.870375
2025,49,Cambridge,118963463.0,286416874.186706,118963463.1,2.407604,2.407604
2025,50,Canton,45596132.0,72928987.73,44999693.3,1.599456,1.620655
2025,51,Carlisle,7101494.0,13219635.0,6853478.081,1.861529,1.928894
2025,52,Carver,22033938.0,29986598.2,20958681.78,1.360928,1.430748
2025,56,Chelmsford,67143896.0,88293649.42,66887500.86,1.314991,1.320032
2025,57,Chelsea,146924933.0,154645233.45,146924932.9,1.052546,1.052546
2025,61,Chicopee,129158251.0,138261944.983014,129158251.1,1.070485,1.070485
2025,63,Clarksburg,2889718.0,3228528.24,2889718.21,1.117247,1.117247
2025,64,Clinton,34438021.0,38081236.33,34438020.57,1.10579,1.105791
2025,65,Cohasset,17839057.0,31504045.68062,17839057.45,1.766015,1.766015
2025,67,Concord,24173454.0,49710391.51,24161392.54,2.056404,2.057431
2025,68,Conway,1444143.0,2768813.0,969244.92,1.917271,2.85667
2025,71,Danvers,44559358.0,64127160.264932,44328380.18,1.43914,1.446639
2025,72,Dartmouth,46957050.0,57282076.730103,44678547.48,1.219882,1.282094
2025,73,Dedham,39060888.0,65620578.41,39060888.15,1.679956,1.679956
2025,74,Deerfield,4112720.0,6605584.237387,3547455.86,1.606135,1.862062
2025,77,Douglas,17889999.0,19026503.09,14237865.39,1.063527,1.336331
2025,78,Dover,6000334.0,13385070.68,5959421.474,2.230721,2.246035
2025,79,Dracut,56303512.317006,55760516.43,54583406.89,0.990356,1.021565
2025,82,Duxbury,34711429.0,50577894.124,33652713.46,1.457096,1.502937
2025,83,East Bridgewater,27821994.0,32112615.733391,26713492.3,1.154217,1.202112
2025,85,Eastham,2914705.0,5008840.38,2893667.62,1.718472,1.730966
2025,86,Easthampton,23765425.0,27589226.77,23097746.73,1.160898,1.194455
2025,87,East Longmeadow,34963344.0,45430310.39,34416160.82,1.29937,1.320028
2025,88,Easton,45701456.0,57578071.61,44308894.52,1.259874,1.29947
2025,89,Edgartown,6750615.0,14523104.616757,6714943.73,2.151375,2.162804
2025,91,Erving,2797879.0,5364234.993505,2756151.77,1.917251,1.946277
2025,93,Everett,161811105.0,163179106.29555,161811104.9,1.008454,1.008454
2025,94,Fairhaven,24687013.0,25920408.71,23598054.43,1.049961,1.098413
2025,95,Fall River,244151983.198372,252317856.069897,243053149.8,1.033446,1.038118
2025,96,Falmouth,45276621.0,72052805.411086,43218462.88,1.591391,1.667176
2025,97,Fitchburg,101852620.688056,101652710.947504,101071841.4,0.998037,1.005747
2025,98,Florida,1005379.0,1614686.08,865066.34,1.606047,1.866546
2025,99,Foxborough,38279575.0,51849265.28,35604499.84,1.354489,1.456256
2025,100,Framingham,164019780.0,211804334.290468,164084535.7,1.291334,1.290824
2025,101,Franklin,79622459.0,92529606.105053,66584573.91,1.162104,1.389655
2025,103,Gardner,41586508.0,42130345.785258,41586508.2,1.013077,1.013077
2025,105,Georgetown,17779961.0,21456668.99,15097839.61,1.206789,1.421175
2025,107,Gloucester,49375947.0,67239306.89,49375946.82,1.361783,1.361783
2025,110,Grafton,38912994.0,49672955.34,37107723.81,1.276513,1.338615
2025,111,Granby,10750093.0,11631323.87,9658208.78,1.081974,1.204294
2025,114,Greenfield,27960951.0,35759854.731431,27960950.6,1.278921,1.278921
2025,117,Hadley,6520666.0,10042750.62,6210751.32,1.540142,1.616994
2025,118,Halifax,7618209.0,8500327.8,7511760.556,1.115791,1.131603
2025,121,Hancock,1270683.0,1785106.69,1270682.74,1.40484,1.404841
2025,122,Hanover,32076743.0,40872940.33,31861566.58,1.274224,1.282829
2025,125,Harvard,10986323.0,19241826.46,10978851.09,1.751435,1.752627
2025,127,Hatfield,4365891.0,8195271.961172,4167872.81,1.877113,1.966296
2025,128,Haverhill,140921702.0,151340631.51,140921702.3,1.073934,1.073934
2025,131,Hingham,46765066.0,77660850.71,45884665.99,1.660659,1.692523
2025,133,Holbrook,21278519.0,21658084.15,21278519.47,1.017838,1.017838
2025,135,Holland,2545553.0,3573904.52,2372741.1,1.40398,1.506235
2025,136,Holliston,34611807.0,46904557.19,33400106.24,1.355161,1.404324
2025,137,Holyoke,116648903.046393,112912403.35,114374878.1,0.967968,0.987213
2025,138,Hopedale,13153653.0,18804288.299075,11657637.4,1.429587,1.613045
2025,139,Hopkinton,53684543.0,70351554.63,52668757.26,1.310462,1.335736
2025,141,Hudson,35681114.0,54973198.68,35386035.23,1.540681,1.553528
2025,142,Hull,12995847.0,21448821.57,10813118.21,1.650437,1.983593
2025,144,Ipswich,21503197.0,37750263.6,21036885.2,1.755565,1.79448
2025,145,Kingston,14947184.0,15590543.99,14866128.2,1.043042,1.048729
2025,149,Lawrence,302529192.834401,302140682.299568,301454148.4,0.998716,1.002277
2025,150,Lee,9294590.0,13529924.79,8566370.2,1.455677,1.579423
2025,151,Leicester,21855002.0,24996169.17,21380842.22,1.143728,1.169092
2025,152,Lenox,7024851.0,17786973.285,6823610.07,2.532007,2.606681
2025,153,Leominster,103734762.0,104344604.66,103734761.7,1.005879,1.005879
2025,154,Leverett,1491818.0,2624506.0,1407132.92,1.759267,1.865144
2025,155,Lexington,93775242.0,177565148.57,91458917.92,1.893518,1.941474
2025,157,Lincoln,7548192.0,15216727.070755,7515362.228,2.015943,2.02475
2025,158,Littleton,20961874.0,30813776.42,20185599.03,1.469991,1.526523
2025,159,Longmeadow,34710107.0,48782540.13,34218165.74,1.405428,1.425633
2025,160,Lowell,308040584.0,315976918.34,308040584.4,1.025764,1.025764
2025,161,Ludlow,33567358.0,46619483.318763,33328396.51,1.388834,1.398792
2025,162,Lunenburg,21584939.0,25420399.654625,21553250.21,1.177692,1.179423
2025,163,Lynn,351967449.0,360178608.97,351967448.9,1.023329,1.023329
2025,164,Lynnfield,28581036.0,41099603.38,27975039.2,1.438003,1.469153
2025,165,Malden,121557819.0,121495087.12,121527751.1,0.999484,0.999731
2025,167,Mansfield,54839043.0,70159756.705909,46131542.89,1.279376,1.520863
2025,168,Marblehead,33787579.0,58092472.45,32926181.66,1.719344,1.764325
2025,169,Marion,5147851.0,8134377.8,5105842.0,1.58015,1.593151
2025,170,Marlborough,91366537.0,96782337.971934,91366536.51,1.059276,1.059276
2025,171,Marshfield,56001156.0,62558850.69,49730334.69,1.117099,1.257962
2025,172,Mashpee,22208559.0,36676390.677459,21264618.64,1.651453,1.724761
2025,173,Mattapoisett,5059434.0,9655683.69,4865916.08,1.908451,1.984351
2025,174,Maynard,18607509.0,28782530.56,17943402.25,1.546823,1.604073
2025,175,Medfield,31626330.0,47743790.0,29971700.25,1.509622,1.592962
2025,176,Medford,75137283.0,101958378.87,73681605.55,1.356961,1.38377
2025,177,Medway,31419716.0,37165943.2,28282405.94,1.182886,1.314101
2025,178,Melrose,53741064.0,59347393.09,53488054.66,1.104321,1.109545
2025,181,Methuen,115622808.0,118012311.39,115622808.2,1.020666,1.020666
2025,182,Middleborough,45670936.0,51449556.86,45255834.98,1.126527,1.13686
2025,184,Middleton,9021160.0,15704634.73,8701795.6,1.740866,1.804758
2025,185,Milford,79260184.0,92276008.50039,79260184.29,1.164216,1.164216
2025,186,Millbury,23356798.0,31509359.28,23341579.9,1.349044,1.349924
2025,187,Millis,16984392.0,23633351.85,14399304.71,1.391475,1.641284
2025,189,Milton,56878295.0,80160986.78,55677434.43,1.409342,1.439739
2025,191,Monson,14296277.0,14964005.71,11739604.36,1.046706,1.27466
2025,196,Nahant,2982399.0,5197774.58,2904538.07,1.742817,1.789536
2025,197,Nantucket,25650204.0,49657719.53,25535123.51,1.935958,1.944683
2025,198,Natick,68367181.0,104314772.7,67714131.17,1.525802,1.540517
2025,199,Needham,73960836.0,134490362.12,72809517.78,1.8184,1.847154
2025,201,New Bedford,274431862.0,276096979.160205,274431862.4,1.006068,1.006068
2025,204,Newburyport,28551281.0,46789386.904485,27513365.69,1.638784,1.700606
2025,207,Newton,160334562.0,291710871.024613,159609730.4,1.819389,1.827651
2025,208,Norfolk,13520106.0,18444259.8,12579945.42,1.36421,1.466164
2025,209,North Adams,22174984.0,25473747.146,22174984.27,1.148761,1.148761
2025,210,Northampton,37272591.0,52607727.964192,35941837.47,1.411432,1.463691
2025,211,North Andover,59879590.0,78477380.52,58940201.54,1.310586,1.331475
2025,212,North Attleborough,56107454.0,65987768.133146,52550990.75,1.176096,1.25569
2025,213,Northborough,21083875.0,33638568.88,20846041.26,1.595464,1.613667
2025,214,Northbridge,31314112.0,30975933.327397,27773856.9,0.9892,1.115291
2025,215,North Brookfield,8487634.0,9771200.59902,8161429.12,1.151228,1.197241
2025,217,North Reading,31774979.0,47633295.110643,29675954.01,1.499082,1.605114
2025,218,Norton,35664755.0,42329944.75,29386897.03,1.186884,1.440436
2025,219,Norwell,27257646.0,40380432.03,26697645.46,1.481435,1.512509
2025,220,Norwood,56535316.0,78512316.09,56535316.26,1.38873,1.38873
2025,221,Oak Bluffs,7138275.0,13644910.84,6233849.85,1.911514,2.188842
2025,223,Orange,9418169.0,9905420.51,9418168.63,1.051735,1.051735
2025,224,Orleans,2163038.0,5339198.41,2052611.25,2.468379,2.601174
2025,226,Oxford,23877644.0,25823786.083505,23877644.36,1.081505,1.081505
2025,227,Palmer,19429543.0,22866130.48,19106951.32,1.176874,1.196744
2025,229,Peabody,95329653.0,104176069.39,95329652.76,1.092798,1.092798
2025,230,Pelham,916609.0,2187406.34,910076.45,2.386412,2.403541
2025,231,Pembroke,39527235.0,44634026.63,33089290.71,1.129197,1.348896
2025,234,Petersham,1204092.0,2168996.8,1204091.58,1.801355,1.801355
2025,236,Pittsfield,97815674.0,113305349.34,97815674.27,1.158356,1.158356
2025,238,Plainville,9467671.0,12450216.7,8367252.29,1.315024,1.48797
2025,239,Plymouth,117559506.0,152872759.939058,112170810.5,1.300386,1.362857
2025,240,Plympton,3445673.0,4418885.11,3445673.115,1.282445,1.282445
2025,242,Provincetown,1618748.0,7403391.03,1580908.48,4.573529,4.682998
2025,243,Quincy,173605027.0,197532684.68,167877095.9,1.137828,1.176651
2025,244,Randolph,53653467.0,66404496.139951,53653467.41,1.237655,1.237655
2025,246,Reading,50585373.0,67511937.4,47040957.59,1.334614,1.435174
2025,248,Revere,157805323.230068,153848732.159212,150716408.5,0.974927,1.020783
2025,249,Richmond,1905012.0,4135138.702,1660447.39,2.170663,2.490376
2025,250,Rochester,6627845.0,8362196.99,6292946.62,1.261677,1.328821
2025,251,Rockland,35867597.0,42626324.43,35665890.65,1.188435,1.195157
2025,252,Rockport,7962029.0,18399183.25,7652804.318,2.310866,2.404241
2025,253,Rowe,797846.0,2190801.118,784243.28,2.745895,2.793522
2025,258,Salem,75190968.0,92107363.36584,75190968.38,1.224979,1.224979
2025,261,Sandwich,32055259.0,55528071.22,29473433.75,1.732261,1.884004
2025,262,Saugus,46319898.0,49155555.488714,46319897.8,1.061219,1.061219
2025,263,Savoy,951361.0,1111527.04,622293.56,1.168355,1.786178
2025,264,Scituate,35744637.0,56406630.19,35051638.61,1.578045,1.609244
2025,265,Seekonk,27271149.0,37674941.41,26822442.26,1.381494,1.404605
2025,266,Sharon,46239286.0,69456338.34,45602230.37,1.502107,1.523091
2025,269,Sherborn,4905989.0,9003118.0,4869362.174,1.835128,1.848932
2025,271,Shrewsbury,82453989.0,104601335.2,77754351.17,1.268602,1.34528
2025,272,Shutesbury,1478637.0,2985412.78,1330308.45,2.01903,2.244151
2025,273,Somerset,21705285.0,30155445.863065,20961593.84,1.389314,1.438605
2025,274,Somerville,97906036.0,137018986.611829,92273702.11,1.399495,1.484919
2025,275,Southampton,7093012.0,8303639.51,6090235.14,1.170679,1.363435
2025,276,Southborough,15301788.0,28582681.17,14839839.36,1.867931,1.926078
2025,277,Southbridge,41980390.0,42685321.358098,41980389.5,1.016792,1.016792
2025,278,South Hadley,26801755.0,31916128.72075,26078106.46,1.190822,1.223867
2025,281,Springfield,557622643.155082,557821355.959151,557622637.5,1.000356,1.000356
2025,284,Stoneham,33590088.0,50129562.72,33190354.09,1.492392,1.510365
2025,285,Stoughton,60534150.0,74013268.17,60534150.37,1.22267,1.22267
2025,287,Sturbridge,11550189.0,15183448.98,11550189.47,1.314563,1.314563
2025,288,Sudbury,29786643.0,54514856.04,29591077.41,1.830178,1.842273
2025,289,Sunderland,2588613.0,4626038.65,2077119.52,1.787072,2.227141
2025,290,Sutton,19287592.0,22873421.41,16892397.65,1.185914,1.354066
2025,291,Swampscott,26943739.0,38686062.69,26943739.01,1.435809,1.435809
2025,292,Swansea,28125194.0,32416593.352,28125194.14,1.152582,1.152582
2025,293,Taunton,140024274.0,140924689.981111,140024274.2,1.00643,1.00643
2025,295,Tewksbury,48315240.0,66442661.953924,42576904.1,1.375191,1.560533
2025,296,Tisbury,6214311.0,13467207.127088,5499468.68,2.167128,2.44882
2025,298,Topsfield,7135071.0,12989421.0,7135071.279,1.820503,1.820503
2025,300,Truro,2338127.0,6719291.77,2291577.26,2.873792,2.932169
2025,301,Tyngsborough,22721133.0,29125226.12,21384094.8,1.281856,1.362004
2025,304,Uxbridge,25475954.0,28478257.23,22397904.87,1.117849,1.27147
2025,305,Wakefield,45106858.0,65912476.43,44741734.35,1.461252,1.473177
2025,306,Wales,1787669.0,2256091.62,1625333.84,1.26203,1.388079
2025,307,Walpole,49427544.0,67261248.79,47733569.97,1.360805,1.409097
2025,308,Waltham,103566216.0,147404835.956667,103566216.3,1.423291,1.423291
2025,309,Ware,20308799.0,21297059.89,20308799.12,1.048662,1.048662
2025,310,Wareham,39210702.0,46406421.342192,37911821.28,1.183514,1.224062
2025,314,Watertown,42975907.0,69034674.403785,42285807.33,1.606358,1.632573
2025,315,Wayland,35516744.0,60420331.2,33905314.11,1.701179,1.782031
2025,316,Webster,33656708.0,34916498.97024,33656707.75,1.037431,1.037431
2025,317,Wellesley,54537874.0,109790839.592,53567076.59,2.013112,2.049596
2025,318,Wellfleet,1506714.0,3612593.35,1446546.9,2.397664,2.497391
2025,321,Westborough,50405177.0,77256454.876854,49809693.65,1.532709,1.551033
2025,322,West Boylston,12215551.0,16726896.24,11804797.72,1.369312,1.416957
2025,323,West Bridgewater,15992142.0,21225127.53,15992142.17,1.327222,1.327222
2025,325,Westfield,77785676.0,84354545.401237,77785675.98,1.084448,1.084448
2025,326,Westford,62121613.0,78515900.62,56506301.35,1.263906,1.389507
2025,327,Westhampton,1573210.0,3286023.0821,1321578.76,2.088738,2.486438
2025,330,Weston,26420983.0,56849676.49,26381907.9,2.151687,2.154874
2025,331,Westport,22168977.0,25924188.85,22168976.7,1.16939,1.16939
2025,332,West Springfield,68366793.0,70362146.867,68366792.9,1.029186,1.029186
2025,335,Westwood,37525199.0,65483928.34,36920748.45,1.745065,1.773635
2025,336,Weymouth,99758838.0,106988004.775239,92545801.94,1.072466,1.156055
2025,337,Whately,1197441.0,2468033.78,1124388.75,2.06109,2.195
2025,340,Williamsburg,2210881.0,3338851.06,2006164.92,1.51019,1.664295
2025,342,Wilmington,41963364.0,67758472.21,36803962.05,1.614705,1.841065
2025,343,Winchendon,20598406.0,21205278.59,20484346.35,1.029462,1.035194
2025,344,Winchester,56393820.0,81294428.1,55351171.17,1.441549,1.468703
2025,346,Winthrop,30384003.0,33974599.588,30384003.3,1.118174,1.118174
2025,347,Woburn,70723977.0,107093691.93,70723977.38,1.514249,1.514249
2025,348,Worcester,510003263.10042,508042613.377274,505110665.8,0.996156,1.005805
2025,349,Worthington,1652362.0,2244265.12,1599602.04,1.358216,1.403015
2025,350,Wrentham,13468880.0,17480009.88,12020258.95,1.297807,1.454212
2025,406,Northampton Smith,4038390.0,4461885.81,3830697.23,1.104867,1.164771
2025,600,Acton Boxborough,68772700.0,101986830.49,65611192.99,1.482955,1.554412
2025,603,Hoosac Valley,18240973.0,20351060.135,18240972.63,1.115678,1.115678
2025,605,Amherst Pelham,24190895.999999,32312846.908801,17938493.4,1.335744,1.801313
2025,610,Ashburnham Westminster,30783032.0,34772532.102742,29665602.81,1.129601,1.17215
2025,615,Athol Royalston,29763082.926761,29772802.71,28689338.05,1.000327,1.037765
2025,616,Ayer Shirley,24382644.0,30302436.82,23852633.54,1.242787,1.270402
2025,618,Berkshire Hills,15185337.0,28094502.30637,15185337.22,1.850107,1.850107
2025,620,Berlin Boylston,13467608.0,22192974.73,13467608.22,1.647878,1.647878
2025,622,Blackstone Millville,22605895.0,25189216.95,22150137.41,1.114276,1.137204
2025,625,Bridgewater Raynham,76506951.0,81291658.769134,76500993.25,1.06254,1.062622
2025,632,Chesterfield Goshen,1905645.0,2538946.6722,1573384.08,1.332329,1.613685
2025,635,Central Berkshire,22485790.0,28574786.35,22485789.99,1.270793,1.270793
2025,640,Concord Carlisle,18059974.0,32837753.549,17738546.52,1.818261,1.851209
2025,645,Dennis Yarmouth,53177397.0,69760495.05,53177397.43,1.311845,1.311845
2025,650,Dighton Rehoboth,37420550.0,44720284.55,34651952.3,1.195073,1.290556
2025,655,Dover Sherborn,15179193.0,25977123.41,15036111.26,1.711364,1.727649
2025,658,Dudley Charlton,47360996.0,54348363.72,46546244.08,1.147534,1.167621
2025,660,Nauset,18046440.0,29492645.371597,17234196.51,1.634264,1.711286
2025,662,Farmington River,3242283.0,5023300.888,3242282.61,1.54931,1.54931
2025,665,Freetown Lakeville,36933053.0,40731939.38,35494251.23,1.102859,1.147564
2025,670,Frontier,8596140.0,12603785.51,6897529.56,1.466215,1.82729
2025,672,Gateway,12121904.0,14357490.68,12121904.29,1.184425,1.184425
2025,673,Groton Dunstable,34306803.0,45029412.61,27803440.19,1.312551,1.619563
2025,674,Gill Montague,15294642.0,21694890.82,15171727.36,1.418463,1.429955
2025,675,Hamilton Wenham,20722521.0,38258393.78,20510939.06,1.846223,1.865268
2025,680,Hampden Wilbraham,37421294.0,47998522.121199,36624239.56,1.282653,1.310567
2025,683,Hampshire,9222973.000001,14496288.15,7980532.26,1.571759,1.816456
2025,685,Hawlemont,1352068.0,2215541.373756,1168904.86,1.638632,1.895399
2025,690,King Philip,28522152.999998,36338614.214091,26298806.64,1.274049,1.381759
2025,695,Lincoln Sudbury,20586671.0,35206519.77,20426551.25,1.710161,1.723567
2025,698,Manchester Essex,15374155.0,28203492.32,14742042.94,1.834474,1.913133
2025,700,Marthas Vineyard,15202051.0,24119922.09,14025834.07,1.586623,1.719678
2025,705,Masconomet,22424313.0,38691588.57,21025301.58,1.72543,1.840239
2025,710,Mendon Upton,32755840.0,37013432.97,25098754.04,1.12998,1.474712
2025,712,Monomoy,24191974.0,42363203.31,24010799.07,1.751126,1.76434
2025,715,Mount Greylock,15022262.0,23533081.86,15022012.14,1.566547,1.566573
2025,717,Mohawk Trail,13524402.000001,19273812.879463,11760100.91,1.425114,1.638916
2025,720,Narragansett,19494069.0,22372862.93,19056826.82,1.147675,1.174008
2025,725,Nashoba,40216015.0,51315448.059329,39516916.72,1.275995,1.298569
2025,728,New Salem Wendell,1703387.0,3202592.6,1606229.68,1.880132,1.993857
2025,730,Northboro Southboro,16979853.0,26028826.3,16786924.07,1.532924,1.550542
2025,735,North Middlesex,43540422.000001,53835463.770997,41616153.9,1.236448,1.293619
2025,740,Old Rochester,13610881.0,20247903.44,13306821.64,1.487626,1.521618
2025,745,Pentucket,35176583.0,40722513.58,28773485.36,1.15766,1.415279
2025,750,Pioneer Valley,9083187.0,12500315.088828,7649537.53,1.376204,1.634127
2025,753,Quabbin,29906832.000001,35334890.65,27702274.3,1.181499,1.275523
2025,755,Ralph C Mahar,9180437.0,13120368.56,9180437.47,1.429166,1.429166
2025,760,Silver Lake,26861457.0,39042403.18,26861456.85,1.453473,1.453473
2025,763,Somerset Berkley,14580107.0,18119955.035395,14145681.89,1.242786,1.280953
2025,765,Southern Berkshire,9665959.999999,16562908.52,9110625.48,1.71353,1.817977
2025,766,Southwick Tolland,22774240.000001,23446008.9,18485700.38,1.029497,1.268332
2025,767,Spencer East Brookfield,25260849.905167,26070958.937774,24082014.09,1.03207,1.08259
2025,770,Tantasqua,23965742.0,26490259.04,23965742.4,1.105339,1.105339
2025,773,Triton,33481558.999999,48778239.6,30126360.85,1.456869,1.619122
2025,774,Upisland,5257774.0,15952345.52324,5151589.76,3.034049,3.096587
2025,775,Wachusett,87752068.0,110206461.32,86493263.78,1.255884,1.274162
2025,778,Quaboag,17067473.0,18563693.715235,15692440.66,1.087665,1.18297
2025,780,Whitman Hanson,50358967.0,58676400.26,48997412.14,1.165163,1.197541
2025,801,Assabet Valley,23652656.895225,23495310.81,23337072.61,0.993348,1.006781
2025,805,Blackstone Valley,24688461.0,26808661.31,24426954.56,1.085878,1.097503
2025,806,Blue Hills,20640945.0,22134692.99,20640945.17,1.072368,1.072368
2025,810,Bristol Plymouth,27715266.000001,28784114.11,27594090.62,1.038565,1.043126
2025,815,Cape Cod,14750072.000001,16182350.607065,14535867.46,1.097103,1.11327
2025,817,Essex North Shore,28509098.0,28633648.6,28509097.57,1.004369,1.004369
2025,818,Franklin County,12610483.740358,12431386.15,12480308.01,0.985798,0.99608
2025,821,Greater Fall River,33837634.565429,32365424.83,32450539.06,0.956492,0.997377
2025,823,Greater Lawrence,47152759.94255,45289523.54,46223891.29,0.960485,0.979786
2025,825,Greater New Bedford,49088629.0,53715227.18,49088629.35,1.09425,1.09425
2025,828,Greater Lowell,54658513.8421,54139249.1,53599212.04,0.9905,1.010075
2025,829,South Middlesex,20362349.0,23157315.63,20411990.15,1.137262,1.134496
2025,830,Minuteman,13759387.000001,16331223.0,13658261.27,1.186915,1.195703
2025,832,Montachusett,30118457.000002,30232016.178982,29905696.93,1.00377,1.010912
2025,851,Northern Berkshire,10940102.0,11206072.74,10940101.95,1.024312,1.024312
2025,852,Nashoba Valley,15600626.643775,15547444.0,15600626.05,0.996591,0.996591
2025,853,Northeast Metropolitan,31943469.0,31892913.05,31943468.56,0.998417,0.998417
2025,855,Old Colony,11093435.999999,12664749.0,10906849.55,1.141643,1.161174
2025,860,Pathfinder,13574951.0,14533425.6,13574951.48,1.070606,1.070606
2025,871,Shawsheen Valley,27608053.000001,38679195.0,25845027.64,1.401011,1.496582
2025,872,Southeastern,36713240.0,36621513.0,36650377.0,0.997502,0.999212
2025,873,South Shore,13842426.0,16947002.0,13836188.9,1.22428,1.224832
2025,876,Southern Worcester,26859489.549212,25876225.18,25679391.35,0.963392,1.007665
2025,878,Tri County,20445249.000002,20968712.0,19698359.0,1.025603,1.06449
2025,879,Upper Cape Cod,18160136.0,18421959.926807,18130702.8,1.014418,1.016064
2025,885,Whittier,27270279.0,28222519.0,27194608.43,1.034919,1.037798
2025,910,Bristol County,10653111.0,11872123.22,10653111.43,1.114428,1.114428
2025,915,Norfolk County,5565480.999999,5570417.82,5461945.027,1.000887,1.01986
2025,999,"State Totals, Reporting Districts",14895423820.074974,18698596977.51745,14526443268.541992,1.255325,1.287211
