"Smarter Balanced Growth Report, 2024-25"
"All Districts, ELA and Math, All Grades Combined, All Students"

"District Code","District","Subject","Number ofMatched Students","Growth Rate","Average Percentageof Target Achieved"
"=""2850013""","Achievement First Bridgeport Academy District","ELA",429,"38.5%","60.5%"
"=""2850013""","Achievement First Bridgeport Academy District","Math",416,"28.4%","48.5%"
"=""2880013""","Achievement First Hartford Academy District","ELA",342,"38.0%","60.6%"
"=""2880013""","Achievement First Hartford Academy District","Math",338,"46.4%","66.5%"
"=""2790013""","Amistad Academy District","ELA",440,"34.5%","56.8%"
"=""2790013""","Amistad Academy District","Math",427,"45.7%","70.2%"
"=""0010011""","Andover School District","ELA",72,"44.4%","68.6%"
"=""0010011""","Andover School District","Math",73,"41.1%","70.4%"
"=""0020011""","Ansonia School District","ELA",859,"30.3%","54.5%"
"=""0020011""","Ansonia School District","Math",857,"31.6%","53.8%"
"=""2440014""","Area Cooperative Educational Services","ELA",785,"31.1%","51.9%"
"=""2440014""","Area Cooperative Educational Services","Math",774,"30.0%","50.9%"
"=""0030011""","Ashford School District","ELA",179,"41.9%","62.3%"
"=""0030011""","Ashford School District","Math",179,"44.1%","65.0%"
"=""0040011""","Avon School District","ELA",1132,"46.7%","66.1%"
"=""0040011""","Avon School District","Math",1122,"57.4%","75.3%"
"=""0050011""","Barkhamsted School District","ELA",86,"51.2%","76.3%"
"=""0050011""","Barkhamsted School District","Math",86,"43.0%","64.2%"
"=""0070011""","Berlin School District","ELA",927,"38.2%","57.9%"
"=""0070011""","Berlin School District","Math",922,"42.1%","60.0%"
"=""0080011""","Bethany School District","ELA",185,"63.2%","81.2%"
"=""0080011""","Bethany School District","Math",185,"49.7%","70.8%"
"=""0090011""","Bethel School District","ELA",1134,"44.8%","66.1%"
"=""0090011""","Bethel School District","Math",1128,"56.0%","74.7%"
"=""0110011""","Bloomfield School District","ELA",524,"32.3%","54.3%"
"=""0110011""","Bloomfield School District","Math",524,"32.6%","54.6%"
"=""0120011""","Bolton School District","ELA",239,"43.9%","61.8%"
"=""0120011""","Bolton School District","Math",236,"50.4%","67.3%"
"=""2950013""","Booker T. Washington Academy District","ELA",200,"34.0%","52.1%"
"=""2950013""","Booker T. Washington Academy District","Math",198,"37.4%","60.7%"
"=""0130011""","Bozrah School District","ELA",83,"47.0%","69.0%"
"=""0130011""","Bozrah School District","Math",83,"61.4%","83.1%"
"=""0140011""","Branford School District","ELA",910,"39.6%","58.9%"
"=""0140011""","Branford School District","Math",898,"39.0%","57.9%"
"=""2900013""","Brass City Charter School District","ELA",185,"37.8%","62.0%"
"=""2900013""","Brass City Charter School District","Math",185,"34.6%","49.8%"
"=""0150011""","Bridgeport School District","ELA",6354,"29.2%","52.0%"
"=""0150011""","Bridgeport School District","Math",6305,"36.6%","56.7%"
"=""0170011""","Bristol School District","ELA",2619,"33.4%","53.3%"
"=""0170011""","Bristol School District","Math",2623,"38.2%","57.2%"
"=""0180011""","Brookfield School District","ELA",901,"44.8%","65.4%"
"=""0180011""","Brookfield School District","Math",901,"44.6%","62.0%"
"=""0190011""","Brooklyn School District","ELA",444,"30.4%","53.5%"
"=""0190011""","Brooklyn School District","Math",440,"41.1%","63.0%"
"=""0210011""","Canaan School District","ELA",37,"35.1%","54.8%"
"=""0210011""","Canaan School District","Math",37,"40.5%","66.0%"
"=""0220011""","Canterbury School District","ELA",238,"33.6%","54.8%"
"=""0220011""","Canterbury School District","Math",237,"38.4%","56.9%"
"=""0230011""","Canton School District","ELA",517,"47.8%","68.6%"
"=""0230011""","Canton School District","Math",517,"46.2%","66.9%"
"=""2970013""","Capital Preparatory Harbor School District","ELA",282,"38.7%","62.3%"
"=""2970013""","Capital Preparatory Harbor School District","Math",281,"25.6%","47.4%"
"=""2410014""","Capitol Region Education Council","ELA",2979,"31.3%","52.7%"
"=""2410014""","Capitol Region Education Council","Math",2948,"30.5%","49.9%"
"=""0240011""","Chaplin School District","ELA",57,"22.8%","45.2%"
"=""0240011""","Chaplin School District","Math",56,"37.5%","56.4%"
"=""0250011""","Cheshire School District","ELA",1545,"52.7%","71.1%"
"=""0250011""","Cheshire School District","Math",1545,"58.8%","75.4%"
"=""0260011""","Chester School District","ELA",80,"53.8%","75.1%"
"=""0260011""","Chester School District","Math",80,"55.0%","77.6%"
"=""0270011""","Clinton School District","ELA",492,"31.1%","53.1%"
"=""0270011""","Clinton School District","Math",490,"34.5%","58.8%"
"=""0280011""","Colchester School District","ELA",751,"41.1%","60.7%"
"=""0280011""","Colchester School District","Math",751,"51.5%","71.9%"
"=""0290011""","Colebrook School District","ELA",28,"67.9%","82.3%"
"=""0290011""","Colebrook School District","Math",28,"67.9%","87.2%"
"=""0300011""","Columbia School District","ELA",237,"39.7%","60.4%"
"=""0300011""","Columbia School District","Math",236,"45.8%","61.8%"
"=""2430014""","Cooperative Educational Services","ELA",196,"25.5%","48.4%"
"=""2430014""","Cooperative Educational Services","Math",196,"37.2%","59.8%"
"=""0310011""","Cornwall School District","ELA",43,"62.8%","82.9%"
"=""0310011""","Cornwall School District","Math",43,"58.1%","74.0%"
"=""0320011""","Coventry School District","ELA",575,"50.4%","68.9%"
"=""0320011""","Coventry School District","Math",572,"51.4%","70.8%"
"=""0330011""","Cromwell School District","ELA",727,"50.1%","69.9%"
"=""0330011""","Cromwell School District","Math",722,"46.8%","67.0%"
"=""0340011""","Danbury School District","ELA",4143,"36.6%","59.4%"
"=""0340011""","Danbury School District","Math",4139,"36.9%","56.7%"
"=""0350011""","Darien School District","ELA",1693,"54.6%","70.5%"
"=""0350011""","Darien School District","Math",1691,"60.7%","75.0%"
"=""0360011""","Deep River School District","ELA",77,"40.3%","63.4%"
"=""0360011""","Deep River School District","Math",77,"42.9%","66.3%"
"=""0370011""","Derby School District","ELA",439,"32.3%","53.4%"
"=""0370011""","Derby School District","Math",437,"33.0%","53.8%"
"=""0400011""","East Granby School District","ELA",336,"52.1%","70.8%"
"=""0400011""","East Granby School District","Math",335,"44.8%","62.3%"
"=""0410011""","East Haddam School District","ELA",327,"33.3%","51.2%"
"=""0410011""","East Haddam School District","Math",327,"40.4%","59.6%"
"=""0420011""","East Hampton School District","ELA",631,"43.4%","62.7%"
"=""0420011""","East Hampton School District","Math",628,"41.7%","61.3%"
"=""0430011""","East Hartford School District","ELA",2025,"34.9%","56.8%"
"=""0430011""","East Hartford School District","Math",2020,"36.3%","57.9%"
"=""0440011""","East Haven School District","ELA",905,"37.6%","60.8%"
"=""0440011""","East Haven School District","Math",898,"32.6%","54.2%"
"=""0450011""","East Lyme School District","ELA",803,"40.5%","60.0%"
"=""0450011""","East Lyme School District","Math",798,"46.4%","62.4%"
"=""0470011""","East Windsor School District","ELA",350,"46.6%","68.3%"
"=""0470011""","East Windsor School District","Math",350,"44.6%","64.3%"
"=""2530014""","Eastern Connecticut Regional Educational Service Center (EASTCONN)","ELA",10,"*","*"
"=""2530014""","Eastern Connecticut Regional Educational Service Center (EASTCONN)","Math",9,"*","*"
"=""0390011""","Eastford School District","ELA",79,"67.1%","83.0%"
"=""0390011""","Eastford School District","Math",79,"55.7%","71.9%"
"=""0460011""","Easton School District","ELA",469,"46.9%","64.7%"
"=""0460011""","Easton School District","Math",468,"54.7%","69.7%"
"=""2420014""","EdAdvance","ELA",9,"*","*"
"=""2420014""","EdAdvance","Math",9,"*","*"
"=""0480011""","Ellington School District","ELA",926,"43.0%","59.8%"
"=""0480011""","Ellington School District","Math",918,"48.0%","66.1%"
"=""2890013""","Elm City College Preparatory School District","ELA",302,"32.5%","53.1%"
"=""2890013""","Elm City College Preparatory School District","Math",298,"33.6%","53.5%"
"=""2910013""","Elm City Montessori School District","ELA",90,"36.7%","58.0%"
"=""2910013""","Elm City Montessori School District","Math",90,"47.8%","67.3%"
"=""0490011""","Enfield School District","ELA",1538,"34.1%","54.5%"
"=""0490011""","Enfield School District","Math",1516,"33.6%","52.7%"
"=""0500011""","Essex School District","ELA",111,"36.9%","55.6%"
"=""0500011""","Essex School District","Math",110,"49.1%","66.3%"
"=""0510011""","Fairfield School District","ELA",3290,"48.0%","65.7%"
"=""0510011""","Fairfield School District","Math",3281,"54.0%","72.1%"
"=""0520011""","Farmington School District","ELA",1557,"54.7%","71.5%"
"=""0520011""","Farmington School District","Math",1552,"58.1%","73.3%"
"=""0530011""","Franklin School District","ELA",82,"51.2%","72.5%"
"=""0530011""","Franklin School District","Math",82,"51.2%","72.0%"
"=""0540011""","Glastonbury School District","ELA",2111,"47.7%","65.8%"
"=""0540011""","Glastonbury School District","Math",2109,"54.3%","71.0%"
"=""2310018""","Goodwin University Educational Services (GUES)","ELA",351,"23.1%","47.2%"
"=""2310018""","Goodwin University Educational Services (GUES)","Math",351,"30.8%","53.3%"
"=""0560011""","Granby School District","ELA",610,"44.6%","62.9%"
"=""0560011""","Granby School District","Math",610,"54.4%","75.0%"
"=""2940013""","Great Oaks Charter School District","ELA",235,"35.3%","55.5%"
"=""2940013""","Great Oaks Charter School District","Math",228,"26.8%","42.1%"
"=""0570011""","Greenwich School District","ELA",2877,"56.9%","73.6%"
"=""0570011""","Greenwich School District","Math",2865,"63.1%","79.4%"
"=""0580011""","Griswold School District","ELA",578,"40.7%","62.9%"
"=""0580011""","Griswold School District","Math",577,"41.1%","60.8%"
"=""0590011""","Groton School District","ELA",1364,"32.3%","52.4%"
"=""0590011""","Groton School District","Math",1363,"39.3%","59.1%"
"=""0600011""","Guilford School District","ELA",1092,"45.7%","63.7%"
"=""0600011""","Guilford School District","Math",1093,"57.7%","75.3%"
"=""0620011""","Hamden School District","ELA",1834,"36.0%","57.6%"
"=""0620011""","Hamden School District","Math",1805,"37.3%","56.7%"
"=""0630011""","Hampton School District","ELA",22,"27.3%","62.9%"
"=""0630011""","Hampton School District","Math",22,"59.1%","84.2%"
"=""0640011""","Hartford School District","ELA",5166,"30.3%","53.2%"
"=""0640011""","Hartford School District","Math",5106,"33.7%","52.6%"
"=""0650011""","Hartland School District","ELA",69,"39.1%","63.4%"
"=""0650011""","Hartland School District","Math",68,"58.8%","76.8%"
"=""0670011""","Hebron School District","ELA",252,"43.3%","66.8%"
"=""0670011""","Hebron School District","Math",252,"60.3%","80.4%"
"=""2860013""","Highville Charter School District","ELA",173,"35.8%","59.8%"
"=""2860013""","Highville Charter School District","Math",173,"33.5%","57.9%"
"=""2640013""","Integrated Day Charter School District","ELA",193,"39.9%","60.9%"
"=""2640013""","Integrated Day Charter School District","Math",193,"34.7%","47.9%"
"=""2650013""","Interdistrict School for Arts and Comm District","ELA",303,"44.6%","63.5%"
"=""2650013""","Interdistrict School for Arts and Comm District","Math",303,"50.8%","69.3%"
"=""2610013""","Jumoke Academy District","ELA",234,"28.2%","51.4%"
"=""2610013""","Jumoke Academy District","Math",231,"22.1%","37.8%"
"=""0680011""","Kent School District","ELA",75,"49.3%","71.1%"
"=""0680011""","Kent School District","Math",75,"56.0%","74.1%"
"=""0690011""","Killingly School District","ELA",799,"40.6%","65.1%"
"=""0690011""","Killingly School District","Math",795,"29.1%","48.2%"
"=""2450014""","Learn","ELA",143,"51.7%","75.9%"
"=""2450014""","Learn","Math",142,"43.7%","71.8%"
"=""0710011""","Lebanon School District","ELA",289,"45.7%","64.5%"
"=""0710011""","Lebanon School District","Math",287,"47.7%","68.0%"
"=""0720011""","Ledyard School District","ELA",836,"39.4%","59.2%"
"=""0720011""","Ledyard School District","Math",833,"37.9%","56.0%"
"=""0730011""","Lisbon School District","ELA",213,"40.8%","63.9%"
"=""0730011""","Lisbon School District","Math",212,"33.0%","59.8%"
"=""0760011""","Madison School District","ELA",856,"53.0%","70.2%"
"=""0760011""","Madison School District","Math",855,"59.9%","77.5%"
"=""0770011""","Manchester School District","ELA",1946,"35.3%","56.4%"
"=""0770011""","Manchester School District","Math",1913,"36.0%","56.2%"
"=""0780011""","Mansfield School District","ELA",490,"51.8%","70.7%"
"=""0780011""","Mansfield School District","Math",486,"54.3%","70.9%"
"=""0790011""","Marlborough School District","ELA",172,"52.3%","73.0%"
"=""0790011""","Marlborough School District","Math",172,"57.0%","79.2%"
"=""0800011""","Meriden School District","ELA",3066,"38.6%","58.5%"
"=""0800011""","Meriden School District","Math",3033,"43.2%","61.0%"
"=""0830011""","Middletown School District","ELA",1558,"31.3%","50.4%"
"=""0830011""","Middletown School District","Math",1550,"33.4%","52.8%"
"=""0840011""","Milford School District","ELA",1777,"41.4%","61.4%"
"=""0840011""","Milford School District","Math",1776,"55.6%","74.7%"
"=""0850011""","Monroe School District","ELA",1236,"43.9%","63.1%"
"=""0850011""","Monroe School District","Math",1228,"39.7%","58.3%"
"=""0860011""","Montville School District","ELA",756,"35.4%","55.3%"
"=""0860011""","Montville School District","Math",754,"37.1%","54.8%"
"=""0880011""","Naugatuck School District","ELA",1402,"38.6%","61.1%"
"=""0880011""","Naugatuck School District","Math",1401,"34.3%","54.4%"
"=""2800013""","New Beginnings Inc Family Academy District","ELA",81,"29.6%","51.9%"
"=""2800013""","New Beginnings Inc Family Academy District","Math",81,"37.0%","54.4%"
"=""0890011""","New Britain School District","ELA",3282,"28.9%","50.3%"
"=""0890011""","New Britain School District","Math",3234,"29.7%","50.2%"
"=""0900011""","New Canaan School District","ELA",1505,"59.8%","75.0%"
"=""0900011""","New Canaan School District","Math",1504,"70.5%","84.5%"
"=""0910011""","New Fairfield School District","ELA",738,"47.8%","65.2%"
"=""0910011""","New Fairfield School District","Math",736,"50.0%","67.0%"
"=""0920011""","New Hartford School District","ELA",169,"40.8%","61.6%"
"=""0920011""","New Hartford School District","Math",169,"42.0%","65.2%"
"=""0930011""","New Haven School District","ELA",6085,"31.6%","54.8%"
"=""0930011""","New Haven School District","Math",6039,"34.4%","54.6%"
"=""0950011""","New London School District","ELA",937,"30.9%","55.3%"
"=""0950011""","New London School District","Math",925,"31.1%","52.8%"
"=""0960011""","New Milford School District","ELA",1201,"34.3%","56.6%"
"=""0960011""","New Milford School District","Math",1190,"37.7%","60.8%"
"=""0940011""","Newington School District","ELA",1388,"43.3%","64.3%"
"=""0940011""","Newington School District","Math",1381,"48.0%","67.8%"
"=""0970011""","Newtown School District","ELA",1399,"49.0%","67.0%"
"=""0970011""","Newtown School District","Math",1398,"55.2%","71.9%"
"=""0980011""","Norfolk School District","ELA",21,"19.0%","51.4%"
"=""0980011""","Norfolk School District","Math",21,"52.4%","74.5%"
"=""0990011""","North Branford School District","ELA",563,"38.9%","60.9%"
"=""0990011""","North Branford School District","Math",562,"40.6%","58.6%"
"=""1000011""","North Canaan School District","ELA",111,"46.8%","64.5%"
"=""1000011""","North Canaan School District","Math",111,"49.5%","65.9%"
"=""1010011""","North Haven School District","ELA",1151,"44.9%","61.9%"
"=""1010011""","North Haven School District","Math",1146,"47.1%","63.6%"
"=""1020011""","North Stonington School District","ELA",240,"34.2%","54.3%"
"=""1020011""","North Stonington School District","Math",239,"32.6%","50.3%"
"=""1030011""","Norwalk School District","ELA",3722,"42.2%","64.6%"
"=""1030011""","Norwalk School District","Math",3700,"43.4%","63.9%"
"=""1040011""","Norwich School District","ELA",1570,"33.4%","57.0%"
"=""1040011""","Norwich School District","Math",1558,"35.8%","57.1%"
"=""2630013""","Odyssey Community School District","ELA",179,"45.3%","64.6%"
"=""2630013""","Odyssey Community School District","Math",179,"42.5%","60.3%"
"=""1060011""","Old Saybrook School District","ELA",336,"45.8%","66.0%"
"=""1060011""","Old Saybrook School District","Math",336,"51.8%","69.0%"
"=""1070011""","Orange School District","ELA",508,"54.7%","74.6%"
"=""1070011""","Orange School District","Math",508,"58.9%","79.0%"
"=""1080011""","Oxford School District","ELA",581,"45.4%","63.4%"
"=""1080011""","Oxford School District","Math",578,"43.3%","60.8%"
"=""2830013""","Park City Prep Charter School District","ELA",403,"41.2%","63.3%"
"=""2830013""","Park City Prep Charter School District","Math",385,"41.0%","60.6%"
"=""1090011""","Plainfield School District","ELA",657,"37.0%","59.7%"
"=""1090011""","Plainfield School District","Math",655,"35.4%","55.2%"
"=""1100011""","Plainville School District","ELA",802,"41.9%","61.3%"
"=""1100011""","Plainville School District","Math",791,"53.4%","71.5%"
"=""1110011""","Plymouth School District","ELA",444,"34.2%","56.2%"
"=""1110011""","Plymouth School District","Math",444,"28.6%","49.6%"
"=""1120011""","Pomfret School District","ELA",167,"44.9%","66.5%"
"=""1120011""","Pomfret School District","Math",167,"56.9%","73.4%"
"=""1130011""","Portland School District","ELA",474,"39.7%","57.0%"
"=""1130011""","Portland School District","Math",471,"41.8%","60.0%"
"=""1140011""","Preston School District","ELA",205,"31.7%","54.7%"
"=""1140011""","Preston School District","Math",205,"38.5%","59.8%"
"=""1160011""","Putnam School District","ELA",400,"30.0%","52.4%"
"=""1160011""","Putnam School District","Math",395,"29.9%","50.6%"
"=""1170011""","Redding School District","ELA",457,"48.6%","66.0%"
"=""1170011""","Redding School District","Math",453,"59.4%","77.0%"
"=""2010012""","Regional School District 01","ELA","*","*","*"
"=""2010012""","Regional School District 01","Math","*","*","*"
"=""2040012""","Regional School District 04","ELA",184,"42.9%","55.8%"
"=""2040012""","Regional School District 04","Math",184,"44.6%","60.5%"
"=""2050012""","Regional School District 05","ELA",715,"43.8%","58.8%"
"=""2050012""","Regional School District 05","Math",711,"52.5%","64.5%"
"=""2070012""","Regional School District 07","ELA",211,"38.4%","57.4%"
"=""2070012""","Regional School District 07","Math",211,"44.1%","61.6%"
"=""2080012""","Regional School District 08","ELA",340,"30.6%","47.4%"
"=""2080012""","Regional School District 08","Math",339,"35.1%","48.7%"
"=""2100012""","Regional School District 10","ELA",795,"43.5%","64.8%"
"=""2100012""","Regional School District 10","Math",794,"41.7%","60.0%"
"=""2110012""","Regional School District 11","ELA",64,"28.1%","51.1%"
"=""2110012""","Regional School District 11","Math",62,"16.1%","31.8%"
"=""2120012""","Regional School District 12","ELA",214,"54.2%","68.7%"
"=""2120012""","Regional School District 12","Math",213,"51.2%","67.1%"
"=""2130012""","Regional School District 13","ELA",496,"46.6%","68.4%"
"=""2130012""","Regional School District 13","Math",495,"45.1%","64.9%"
"=""2140012""","Regional School District 14","ELA",469,"51.0%","71.1%"
"=""2140012""","Regional School District 14","Math",469,"54.2%","71.1%"
"=""2150012""","Regional School District 15","ELA",1302,"37.6%","54.7%"
"=""2150012""","Regional School District 15","Math",1299,"42.7%","60.9%"
"=""2160012""","Regional School District 16","ELA",695,"41.9%","62.7%"
"=""2160012""","Regional School District 16","Math",695,"47.2%","64.5%"
"=""2170012""","Regional School District 17","ELA",672,"47.3%","66.6%"
"=""2170012""","Regional School District 17","Math",670,"45.2%","65.7%"
"=""2180012""","Regional School District 18","ELA",430,"46.0%","66.9%"
"=""2180012""","Regional School District 18","Math",430,"50.0%","68.1%"
"=""2200012""","Regional School District 20","ELA",523,"44.9%","63.3%"
"=""2200012""","Regional School District 20","Math",516,"46.7%","63.9%"
"=""1180011""","Ridgefield School District","ELA",1644,"50.3%","67.2%"
"=""1180011""","Ridgefield School District","Math",1634,"58.1%","74.1%"
"=""1190011""","Rocky Hill School District","ELA",908,"53.4%","71.8%"
"=""1190011""","Rocky Hill School District","Math",904,"50.6%","70.5%"
"=""1210011""","Salem School District","ELA",196,"38.8%","63.3%"
"=""1210011""","Salem School District","Math",195,"37.9%","56.7%"
"=""1220011""","Salisbury School District","ELA",148,"59.5%","78.3%"
"=""1220011""","Salisbury School District","Math",148,"54.1%","74.7%"
"=""1230011""","Scotland School District","ELA",36,"41.7%","64.2%"
"=""1230011""","Scotland School District","Math",36,"50.0%","71.9%"
"=""1240011""","Seymour School District","ELA",741,"40.4%","61.0%"
"=""1240011""","Seymour School District","Math",741,"51.6%","68.2%"
"=""1250011""","Sharon School District","ELA",47,"63.8%","82.9%"
"=""1250011""","Sharon School District","Math",47,"59.6%","77.1%"
"=""1260011""","Shelton School District","ELA",1677,"35.6%","54.6%"
"=""1260011""","Shelton School District","Math",1676,"38.7%","55.9%"
"=""1270011""","Sherman School District","ELA",112,"39.3%","63.1%"
"=""1270011""","Sherman School District","Math",112,"43.8%","61.9%"
"=""2700013""","Side By Side Charter School District","ELA",110,"43.6%","66.9%"
"=""2700013""","Side By Side Charter School District","Math",110,"49.1%","72.5%"
"=""1280011""","Simsbury School District","ELA",1542,"49.4%","65.1%"
"=""1280011""","Simsbury School District","Math",1540,"55.8%","72.4%"
"=""1290011""","Somers School District","ELA",509,"41.5%","61.5%"
"=""1290011""","Somers School District","Math",503,"41.6%","62.3%"
"=""1320011""","South Windsor School District","ELA",1913,"44.4%","61.5%"
"=""1320011""","South Windsor School District","Math",1904,"54.3%","70.4%"
"=""1310011""","Southington School District","ELA",2235,"43.7%","64.1%"
"=""1310011""","Southington School District","Math",2231,"50.1%","70.0%"
"=""1330011""","Sprague School District","ELA",128,"36.7%","57.9%"
"=""1330011""","Sprague School District","Math",127,"38.6%","58.0%"
"=""1340011""","Stafford School District","ELA",436,"33.5%","53.6%"
"=""1340011""","Stafford School District","Math",435,"43.7%","62.8%"
"=""2960013""","Stamford Charter School for Excellence District","ELA",271,"53.1%","68.1%"
"=""2960013""","Stamford Charter School for Excellence District","Math",270,"59.6%","74.9%"
"=""1350011""","Stamford School District","ELA",5479,"37.0%","58.9%"
"=""1350011""","Stamford School District","Math",5449,"39.3%","58.9%"
"=""1360011""","Sterling School District","ELA",141,"34.8%","54.8%"
"=""1360011""","Sterling School District","Math",141,"36.9%","55.6%"
"=""1370011""","Stonington School District","ELA",590,"46.3%","63.9%"
"=""1370011""","Stonington School District","Math",590,"42.4%","57.6%"
"=""1380011""","Stratford School District","ELA",2262,"36.2%","58.3%"
"=""1380011""","Stratford School District","Math",2259,"33.3%","52.9%"
"=""1390011""","Suffield School District","ELA",740,"43.4%","63.8%"
"=""1390011""","Suffield School District","Math",739,"59.7%","78.1%"
"=""2690013""","The Bridge Academy District","ELA",92,"40.2%","60.9%"
"=""2690013""","The Bridge Academy District","Math",92,"29.3%","46.8%"
"=""9020022""","The Gilbert School District","ELA",163,"19.6%","33.6%"
"=""9020022""","The Gilbert School District","Math",163,"23.3%","41.2%"
"=""1400011""","Thomaston School District","ELA",303,"37.0%","57.6%"
"=""1400011""","Thomaston School District","Math",302,"38.4%","60.9%"
"=""1410011""","Thompson School District","ELA",313,"36.1%","58.4%"
"=""1410011""","Thompson School District","Math",312,"35.3%","55.5%"
"=""1420011""","Tolland School District","ELA",745,"41.9%","59.9%"
"=""1420011""","Tolland School District","Math",743,"51.4%","70.0%"
"=""1430011""","Torrington School District","ELA",1388,"39.6%","61.2%"
"=""1430011""","Torrington School District","Math",1383,"38.7%","59.4%"
"=""1440011""","Trumbull School District","ELA",2530,"48.7%","66.5%"
"=""1440011""","Trumbull School District","Math",2529,"54.7%","71.0%"
"=""3470015""","Unified School District #2","ELA","*","*","*"
"=""3470015""","Unified School District #2","Math","*","*","*"
"=""1450011""","Union School District","ELA",18,"*","*"
"=""1450011""","Union School District","Math",18,"*","*"
"=""1460011""","Vernon School District","ELA",1020,"46.0%","67.5%"
"=""1460011""","Vernon School District","Math",1018,"44.8%","63.5%"
"=""1470011""","Voluntown School District","ELA",100,"36.0%","60.8%"
"=""1470011""","Voluntown School District","Math",100,"52.0%","68.5%"
"=""1480011""","Wallingford School District","ELA",1788,"40.7%","62.1%"
"=""1480011""","Wallingford School District","Math",1779,"40.1%","60.3%"
"=""1510011""","Waterbury School District","ELA",6193,"33.5%","56.6%"
"=""1510011""","Waterbury School District","Math",6156,"32.2%","52.5%"
"=""1520011""","Waterford School District","ELA",797,"41.3%","61.9%"
"=""1520011""","Waterford School District","Math",793,"43.9%","61.7%"
"=""1530011""","Watertown School District","ELA",947,"30.8%","51.2%"
"=""1530011""","Watertown School District","Math",942,"36.9%","54.5%"
"=""1550011""","West Hartford School District","ELA",3200,"47.9%","66.1%"
"=""1550011""","West Hartford School District","Math",3189,"48.5%","65.9%"
"=""1560011""","West Haven School District","ELA",1945,"41.1%","63.5%"
"=""1560011""","West Haven School District","Math",1939,"43.8%","63.9%"
"=""1540011""","Westbrook School District","ELA",199,"58.8%","77.1%"
"=""1540011""","Westbrook School District","Math",199,"62.3%","80.4%"
"=""1570011""","Weston School District","ELA",782,"55.5%","72.9%"
"=""1570011""","Weston School District","Math",781,"62.4%","77.8%"
"=""1580011""","Westport School District","ELA",1882,"54.0%","70.6%"
"=""1580011""","Westport School District","Math",1880,"60.6%","76.3%"
"=""1590011""","Wethersfield School District","ELA",1243,"41.4%","61.9%"
"=""1590011""","Wethersfield School District","Math",1242,"45.9%","65.5%"
"=""1600011""","Willington School District","ELA",182,"41.2%","61.3%"
"=""1600011""","Willington School District","Math",179,"54.7%","71.7%"
"=""1610011""","Wilton School District","ELA",1323,"53.4%","69.7%"
"=""1610011""","Wilton School District","Math",1316,"67.2%","83.1%"
"=""1620011""","Winchester School District","ELA",202,"39.6%","61.6%"
"=""1620011""","Winchester School District","Math",202,"44.1%","62.1%"
"=""1630011""","Windham School District","ELA",1181,"34.0%","58.0%"
"=""1630011""","Windham School District","Math",1172,"36.8%","57.8%"
"=""1650011""","Windsor Locks School District","ELA",480,"35.2%","56.7%"
"=""1650011""","Windsor Locks School District","Math",476,"41.0%","61.9%"
"=""1640011""","Windsor School District","ELA",1058,"41.4%","63.4%"
"=""1640011""","Windsor School District","Math",1050,"44.0%","63.8%"
"=""1660011""","Wolcott School District","ELA",762,"42.1%","62.1%"
"=""1660011""","Wolcott School District","Math",762,"46.7%","65.8%"
"=""1670011""","Woodbridge School District","ELA",340,"54.4%","71.2%"
"=""1670011""","Woodbridge School District","Math",337,"64.1%","82.0%"
"=""1690011""","Woodstock School District","ELA",409,"30.8%","52.2%"
"=""1690011""","Woodstock School District","Math",408,"38.5%","60.7%"

